customer_city,total_order_value
Abadia dos Dourados,358.9
Abadiânia,949.99
Abaetetuba,4028.57
Abaeté,1732.81
Abaiara,262.9
Abaré,185.19
Abatiá,167.89
Abaíra,157.99
Abdon Batista,125.4
Abelardo Luz,679.6999999999999
Abre Campo,281.68
Abreu e Lima,2376.95
Acaiaca,164.9
Acajutiba,28.89
Acaraú,1364.96
Acari,364.0
Aceguá,209.9
Acopiara,647.67
Acreúna,1070.43
Adamantina,5393.07
Adolfo,373.8
Adrianópolis,73.9
Adustina,74.8
Afogados da Ingazeira,1345.98
Afonso Cláudio,1568.77
Afrânio,357.9
Agrestina,1989.0
Agrolândia,49.9
Agronômica,204.87
Aguaí,1985.55
Agudo,17.0
Agudos,1265.3
Aimorés,951.37
Aiuaba,109.7
Aiuruoca,281.09000000000003
Ajuricaba,191.9
Alagoa,77.68
Alagoa Grande,139.99
Alagoa Nova,113.0
Alagoinha,269.9
Alagoinhas,6249.2300000000005
Alambari,179.88
Alcinópolis,711.1600000000001
Alcobaça,1289.78
Alcântara,424.8
Alegre,3058.9700000000003
Alegrete,4483.77
Alegrete do Piauí,149.9
Alegria,39.9
Alexandria,291.5
Alexânia,466.67
Alfenas,5350.32
Alfredo Chaves,902.71
Alfredo Marcondes,129.0
Alfredo Vasconcelos,567.99
Alfredo Wagner,794.8
Alhandra,1037.0
Aliança,64.99
Aliança do Tocantins,162.79
Almas,78.0
Almenara,2872.15
Almino Afonso,299.9
Almirante Tamandaré,4255.69
Almirante Tamandaré do Sul,49.9
Alpercata,228.8
Alpestre,118.9
Alpinópolis,836.6800000000001
Alta Floresta,3495.55
Alta Floresta D'Oeste,669.89
Altamira,5168.15
Altamira do Paraná,259.1
Altaneira,369.6
Alterosa,252.3
Altinho,13.9
Altinópolis,1428.8
Alto Alegre,307.89
Alto Alegre do Maranhão,88.9
Alto Alegre do Pindaré,199.0
Alto Araguaia,1085.73
Alto Boa Vista,418.0
Alto Caparaó,478.9
Alto Garças,258.8
Alto Horizonte,233.91
Alto Jequitibá,211.89
Alto Paraná,389.9
Alto Paraíso,1256.99
Alto Paraíso de Goiás,1367.3400000000001
Alto Parnaíba,777.79
Alto Piquiri,412.0
Alto Rio Doce,213.42
Alto Rio Novo,266.5
Alto Santo,622.89
Alto Taquari,750.88
Alto do Rodrigues,2737.46
Altos,1345.39
Altônia,494.9
Alumínio,1252.15
Alvarenga,211.0
Alvinópolis,896.71
Alvorada,7702.2
Alvorada D'Oeste,359.98
Alvorada do Gurguéia,37.0
Alvorada do Norte,164.88
Além Paraíba,3009.56
Amambai,751.98
Amaporã,129.9
Amapá do Maranhão,15.9
Amaraji,476.89
Amarante,760.0
Amargosa,54.99
Americana,24462.18
Americano do Brasil,291.49
Ametista do Sul,242.8
Amontada,45.9
Amparo,11395.73
Amparo da Serra,49.95
Ampére,1595.27
Amélia Rodrigues,372.39
América Dourada,169.9
Américo Brasiliense,2360.1
Américo de Campos,279.9
Anadia,379.89
Anagé,63.8
Analândia,511.03
Ananindeua,17709.44
Ananás,96.8
Anastácio,116.9
Anaurilândia,69.99
Anchieta,2286.5
Andaraí,79.9
Andirá,1462.18
Andorinha,691.1
Andradas,4070.31
Andradina,6302.53
Andrelândia,119.36
André da Rocha,119.0
Angatuba,818.75
Angelina,126.99
Angical,269.9
Angical do Piauí,29.99
Angicos,65.99
Angra dos Reis,18693.24
Anguera,99.0
Angélica,53.9
Anhembi,106.9
Anhumas,58.99
Anicuns,661.9300000000001
Anita Garibaldi,256.78
Anitápolis,608.99
Anta Gorda,577.7
Antonina,2077.57
Antonina do Norte,76.8
Antônio Cardoso,369.89
Antônio Carlos,245.70000000000002
Antônio Gonçalves,34.9
Antônio Martins,45.0
Antônio Prado,554.2
Antônio Prado de Minas,282.0
Anápolis,17129.88
Aparecida,3740.96
Aparecida d'Oeste,19.9
Aparecida de Goiânia,14203.98
Aparecida do Rio Negro,115.0
Aparecida do Taboado,2531.9
Aperibé,1464.94
Apiacá,434.28
Apiaí,547.5699999999999
Apiúna,1320.6
Apodi,377.89
Aporá,100.8
Aporé,134.64
Apuarema,169.99
Apucarana,6754.26
Apuiarés,339.89
Aquidabã,89.0
Aquidauana,100.8
Aquiraz,370.0
Aracaju,34485.94
Aracati,2629.54
Aracatu,75.99
Araci,277.87
Aracitaba,119.80000000000001
Aracruz,4064.07
Aragarças,156.88
Aragoiânia,112.9
Araguanã,119.0
Araguapaz,120.9
Araguari,10869.52
Araguatins,681.98
Araguaçu,129.5
Araguaína,7433.79
Aramari,167.4
Arame,29.99
Aramina,97.9
Arandu,235.60000000000002
Arantina,180.0
Arapeí,324.89
Arapiraca,8728.71
Arapoema,55.9
Araponga,254.1
Arapongas,6325.0599999999995
Araporã,1144.38
Arapoti,966.97
Araputanga,517.45
Arapuã,89.0
Araquari,993.25
Arara,109.9
Araranguá,2246.55
Araraquara,19871.850000000002
Araras,13187.38
Arari,708.8
Araricá,187.0
Araripe,129.6
Araripina,1070.58
Araruama,16889.31
Araruna,559.87
Arataca,795.0
Aratiba,92.5
Aratuba,343.9
Araucária,5086.1
Araxá,13046.42
Araçariguama,616.88
Araçatuba,16589.39
Araçoiaba,576.47
Araçoiaba da Serra,1511.57
Araçuaí,1362.98
Araújos,2490.5
Arceburgo,924.14
Arcos,5391.7300000000005
Arcoverde,515.8
Areado,1246.69
Areal,1152.18
Arealva,176.69
Areia,119.80000000000001
Areia Branca,183.6
Areial,159.9
Areias,441.86
Areiópolis,896.49
Arenápolis,328.85
Arenópolis,108.9
Arinos,752.0699999999999
Aripuanã,1124.78
Ariquemes,4124.97
Ariranha,531.49
Armazém,249.9
Armação dos Búzios,4817.41
Arneiroz,349.6
Aroeiras,149.99
Arraial do Cabo,5176.55
Arraias,197.9
Arroio Grande,336.77
Arroio Trinta,169.9
Arroio do Meio,1400.22
Arroio do Sal,918.97
Arroio do Tigre,285.0
Arroio dos Ratos,1034.18
Artur Nogueira,5949.7
Aruanã,144.8
Arujá,7606.78
Arvoredo,34.3
Arvorezinha,262.5
Ascurra,342.6
Assaré,81.0
Assaí,861.5699999999999
Assis,12199.23
Assis Chateaubriand,1200.31
Assunção,80.0
Astolfo Dutra,1294.52
Astorga,411.77
Atalaia,89.58
Atalanta,263.99
Ataléia,164.8
Atibaia,20343.73
Atílio Vivácqua,89.9
Augustinópolis,107.0
Augusto Corrêa,347.99
Augusto Pestana,76.88
Auriflama,1871.6599999999999
Aurilândia,122.99
Aurora,739.59
Aurora do Pará,78.0
Avanhandava,757.6800000000001
Avaré,8382.97
Avelino Lopes,72.89
Açailândia,937.79
Açu,455.59000000000003
Açucena,38.0
Bacabal,3243.71
Bacuri,315.42
Bady Bassitt,517.8
Baependi,1409.04
Bagé,8936.64
Baianópolis,416.3
Baixa Grande,44.0
Baixa Grande do Ribeiro,159.99
Baixo Guandu,1449.0
Balbinos,55.32
Baldim,650.99
Balneário Arroio do Silva,379.88
Balneário Barra do Sul,393.3
Balneário Camboriú,16609.329999999998
Balneário Gaivota,282.3
Balneário Pinhal,898.57
Balneário Piçarras,1581.81
Balneário Rincão,393.0
Balsa Nova,19.45
Balsas,5274.43
Bambuí,2206.67
Banabuiú,79.0
Bananal,582.25
Bananeiras,295.24
Bandeira,347.71
Bandeira do Sul,414.9
Bandeirantes,1818.1
Bandeirantes do Tocantins,369.98
Banzaê,99.99
Baraúna,229.99
Barbacena,12201.44
Barbalha,1302.98
Barbosa Ferraz,497.9
Barcarena,1665.3
Bariri,2706.45
Barra,143.9
Barra Bonita,3902.4300000000003
Barra Longa,1300.0
Barra Mansa,18698.98
Barra Velha,1684.01
Barra da Estiva,860.57
Barra de Guabiraba,486.4
Barra de Santa Rosa,254.4
Barra de Santo Antônio,567.0
Barra de São Francisco,627.56
Barra de São Miguel,155.98000000000002
Barra do Bugres,840.25
Barra do Choça,799.0
Barra do Corda,889.89
Barra do Garças,4076.2000000000003
Barra do Jacaré,57.9
Barra do Mendes,323.99
Barra do Piraí,6740.74
Barra do Ribeiro,553.78
Barra do Rio Azul,99.0
Barra do Turvo,293.9
Barra dos Coqueiros,484.82000000000005
Barracão,118.47999999999999
Barras,210.88
Barreira,123.89
Barreiras,10809.03
Barreirinhas,361.42
Barreiros,1302.1599999999999
Barretos,9077.11
Barrinha,2965.14
Barro,621.89
Barro Alto,189.89000000000001
Barro Preto,118.8
Barrocas,99.99
Barrolândia,80.99
Barros Cassal,729.0
Barroso,1289.96
Barueri,49995.71
Barão,31.9
Barão de Cocais,2217.4
Barão de Cotegipe,126.88999999999999
Barão de Monte Alto,28.9
Barão do Triunfo,79.99
Bastos,1399.6
Bataguassu,613.0
Batalha,214.79000000000002
Batatais,5559.93
Batayporã,392.19000000000005
Baturité,447.97
Bauru,38903.69
Bayeux,808.05
Bebedouro,4992.89
Beberibe,1736.7
Bela Cruz,899.9
Bela Vista,466.38
Bela Vista de Goiás,608.66
Bela Vista de Minas,119.9
Bela Vista do Maranhão,49.0
Bela Vista do Paraíso,515.49
Belford Roxo,12205.36
Belmonte,187.69
Belo Campo,174.47
Belo Horizonte,346039.04
Belo Jardim,1578.63
Belo Oriente,770.28
Belo Vale,313.8
Belém,78802.74
Belém do São Francisco,654.5
Benedito Leite,95.9
Benedito Novo,945.74
Benevides,228.89000000000001
Bento Gonçalves,6648.58
Bento de Abreu,327.98
Bequimão,349.9
Berilo,55.9
Berizal,189.9
Bernardino de Campos,256.09000000000003
Bertioga,9385.65
Bertolínia,411.0
Bertópolis,65.9
Betim,27863.71
Bezerros,1277.39
Bias Fortes,80.9
Bicas,727.65
Biguaçu,3270.23
Bilac,680.62
Birigui,14611.34
Biritiba-Mirim,1381.72
Biritinga,120.0
Bituruna,433.38
Blumenau,24240.08
Boa Esperança,4166.39
Boa Esperança do Iguaçu,35.9
Boa Esperança do Sul,836.9
Boa Ventura,14.9
Boa Viagem,450.99
Boa Vista,6967.57
Boa Vista da Aparecida,202.47
Boa Vista das Missões,349.9
Boa Vista do Buricá,229.99
Boa Vista do Cadeado,429.98
Boa Vista do Gurupi,93.89
Boa Vista do Sul,27.99
Boca da Mata,219.73000000000002
Bocaina,1506.8
Bocaiúva,1618.27
Bocaiúva do Sul,49.89
Bodocó,202.8
Bodoquena,428.0
Bodó,48.9
Bofete,617.59
Boituva,6852.15
Bom Conselho,1624.93
Bom Despacho,4680.53
Bom Jardim,2600.95
Bom Jardim de Goiás,10.0
Bom Jardim de Minas,866.87
Bom Jesus,2555.96
Bom Jesus da Lapa,2829.63
Bom Jesus da Penha,85.89
Bom Jesus da Serra,279.89
Bom Jesus das Selvas,175.9
Bom Jesus do Amparo,199.89
Bom Jesus do Araguaia,1199.9
Bom Jesus do Galho,4795.289999999999
Bom Jesus do Itabapoana,3405.91
Bom Jesus do Norte,699.89
Bom Jesus do Sul,199.9
Bom Jesus do Tocantins,407.9
Bom Jesus dos Perdões,1608.73
Bom Princípio,1003.11
Bom Repouso,402.29
Bom Retiro,70.0
Bom Retiro do Sul,1379.0
Bom Sucesso,946.5899999999999
Bombinhas,1935.4099999999999
Bonfim,319.74
Bonfinópolis,441.87
Bonfinópolis de Minas,1387.2
Boninal,717.6999999999999
Bonito,2910.96
Bonito de Minas,99.99
Bonito de Santa Fé,119.6
Boqueirão do Leão,227.9
Boquira,69.9
Boracéia,29.0
Borborema,816.05
Borda da Mata,897.53
Borrazópolis,259.59000000000003
Borá,119.9
Bossoroca,155.99
Botelhos,1240.01
Botucatu,17104.51
Botuporã,325.0
Botuverá,181.9
Bragança,1083.96
Bragança Paulista,20127.62
Brasil Novo,304.9
Brasilândia,59.9
Brasilândia de Minas,76.25
Brasiléia,59.699999999999996
Brasília,295864.62
Brasília de Minas,671.74
Brazabrantes,53.5
Brazópolis,956.12
Braço do Norte,2962.4700000000003
Braúna,400.79
Braúnas,89.9
Brejetuba,128.89
Brejo,99.99
Brejo Grande,249.0
Brejo Santo,1529.8600000000001
Brejo da Madre de Deus,410.8
Brejo do Cruz,1160.0
Brejo dos Santos,89.99
Brejolândia,13.98
Brejões,124.9
Breu Branco,481.74
Breves,609.0
Britânia,89.99
Brodowski,935.54
Brotas,1230.98
Brotas de Macaúbas,168.0
Brumadinho,2258.23
Brumado,2628.85
Brusque,8421.55
Brás Pires,76.8
Bueno Brandão,172.02
Buenos Aires,247.9
Buenópolis,1231.38
Buerarema,1051.8
Bugre,187.9
Buri,938.3199999999999
Buritama,1024.24
Buriti,151.79
Buriti Alegre,29.99
Buriti do Tocantins,59.9
Buriti dos Lopes,268.9
Buriticupu,585.78
Buritirama,251.9
Buritis,2151.54
Buritizal,66.99
Buritizeiro,2611.19
Butiá,1112.69
Buíque,235.0
Bálsamo,1257.23
Caarapó,1310.49
Cabaceiras do Paraguaçu,31.9
Cabeceira Grande,265.89
Cabeceiras,14.9
Cabedelo,888.95
Cabixi,149.9
Cabo Frio,16016.52
Cabo Verde,458.78999999999996
Cabo de Santo Agostinho,2877.95
Cabreúva,1530.64
Cabrobó,921.79
Cabrália Paulista,207.29
Cacaulândia,72.9
Cacequi,286.99
Cachoeira,479.79
Cachoeira Alta,451.76
Cachoeira Dourada,268.8
Cachoeira Paulista,3292.0
Cachoeira da Prata,169.8
Cachoeira de Minas,454.5
Cachoeira de Pajeú,428.8
Cachoeira do Sul,4480.32
Cachoeiras de Macacu,4062.61
Cachoeirinha,9297.25
Cachoeiro de Itapemirim,16012.43
Cacoal,1801.47
Caconde,1628.19
Caculé,529.78
Caetanópolis,664.5699999999999
Caetité,1892.3
Caeté,2514.87
Caetés,122.9
Cafeara,233.0
Cafelândia,2374.31
Caiana,235.9
Caiapônia,352.78
Caibaté,319.9
Caibi,132.05
Caicó,2723.2
Caieiras,12662.83
Cairu,750.95
Caiuá,146.0
Caiçara do Norte,1099.0
Cajamar,9725.38
Cajapió,89.99
Cajari,289.0
Cajati,1821.3200000000002
Cajazeiras,1818.16
Cajobi,1018.4300000000001
Cajueiro,99.9
Cajuri,53.9
Cajuru,643.76
Caldas,489.7
Caldas Brandão,139.0
Caldas Novas,5301.63
Caldeirão Grande,224.9
Caldeirão Grande do Piauí,110.0
Califórnia,103.8
Calmon,49.9
Calçado,199.0
Camacan,1134.67
Camacho,59.99
Camamu,1411.82
Camanducaia,2240.55
Camapuã,621.29
Camaquã,1693.85
Camaragibe,2625.08
Camaçari,9294.73
Cambará,803.1700000000001
Cambará do Sul,611.99
Cambira,432.0
Camboriú,3058.19
Cambuci,2182.59
Cambuquira,340.76
Cambuí,3133.7400000000002
Cambé,3930.67
Cametá,392.8
Camocim,1686.29
Camocim de São Félix,362.9
Campanha,598.79
Campanário,278.7
Campestre,321.70000000000005
Campestre da Serra,1348.99
Campestre do Maranhão,249.89
Campina Grande,17410.54
Campina Grande do Sul,1062.57
Campina Verde,659.48
Campina da Lagoa,519.7
Campina das Missões,155.8
Campina do Monte Alegre,237.9
Campinas,184657.87
Campinas do Sul,1398.89
Campinaçu,179.9
Campinorte,1244.69
Campinápolis,324.86
Campo Alegre,1327.98
Campo Alegre de Goiás,175.89000000000001
Campo Alegre de Lourdes,99.99
Campo Alegre do Fidalgo,194.98
Campo Azul,79.9
Campo Belo,1836.34
Campo Bom,4264.81
Campo Erê,560.6
Campo Florido,59.8
Campo Formoso,3419.13
Campo Grande,56582.68
Campo Grande do Piauí,155.99
Campo Largo,3849.9900000000002
Campo Limpo Paulista,4773.44
Campo Magro,39.8
Campo Maior,993.6600000000001
Campo Mourão,7259.52
Campo Novo,539.79
Campo Novo do Parecis,4915.79
Campo Verde,781.38
Campo do Brito,76.8
Campo do Meio,251.69
Campo do Tenente,55.9
Campos Altos,373.68
Campos Belos,788.0699999999999
Campos Borges,825.89
Campos Gerais,457.16
Campos Novos,1929.69
Campos Sales,1543.9
Campos Verdes,385.6
Campos de Júlio,934.8
Campos do Jordão,3201.1
Campos dos Goytacazes,36403.47
Camutanga,295.8
Cananéia,727.66
Canapi,230.0
Canarana,1283.83
Canavieiras,799.8
Canaã,54.99
Canaã dos Carajás,1565.93
Candeal,144.99
Candeias,1879.57
Candeias do Jamari,279.0
Candelária,573.39
Candiota,802.7
Candói,43.0
Canela,2418.63
Canelinha,933.94
Canguçu,1310.18
Canhotinho,367.0
Canindé,645.38
Canindé de São Francisco,250.8
Canitar,287.25
Canoas,26470.14
Canoinhas,4583.01
Cansanção,766.96
Cantagalo,2948.42
Cantanhede,689.0
Canto do Buriti,599.5
Canudos,174.9
Canápolis,539.45
Capanema,1078.57
Caparaó,49.9
Capela,580.9399999999999
Capela Nova,89.77
Capela de Santana,352.0
Capela do Alto,833.99
Capela do Alto Alegre,39.99
Capelinha,2562.96
Capetinga,198.9
Capim Branco,152.78
Capim Grosso,547.89
Capinzal,1220.55
Capinzal do Norte,395.0
Capinópolis,1042.18
Capistrano,35.0
Capitão,107.8
Capitão Andrade,199.0
Capitão Enéas,65.6
Capitão Leônidas Marques,482.48
Capitão Poço,405.38
Capitólio,386.89
Capivari,4663.71
Capivari de Baixo,876.89
Capivari do Sul,159.0
Capoeiras,143.0
Caputira,454.28
Capão Bonito,3078.97
Capão da Canoa,4692.09
Capão do Cipó,260.0
Capão do Leão,1072.25
Caracol,94.0
Caraguatatuba,11603.26
Carambeí,390.8
Carandaí,1143.5
Carangola,4281.27
Carapebus,696.97
Carapicuíba,31769.85
Caratinga,9690.26
Caravelas,356.4
Carazinho,2030.93
Caraí,495.57
Caraíbas,235.9
Caraúbas,1059.29
Carbonita,755.87
Cardoso,944.8100000000001
Cardoso Moreira,500.02
Careaçu,116.13
Cariacica,16386.68
Caridade,99.9
Carinhanha,348.9
Cariri do Tocantins,270.89
Caririaçu,454.0
Cariré,144.79
Cariús,477.88
Carlinda,204.9
Carlos Barbosa,2554.79
Carlos Chagas,124.80000000000001
Carlópolis,755.4
Carmo,1415.19
Carmo da Cachoeira,319.44
Carmo da Mata,459.7
Carmo de Minas,643.96
Carmo do Cajuru,1638.44
Carmo do Paranaíba,4008.64
Carmo do Rio Claro,1642.42
Carmo do Rio Verde,169.89
Carmolândia,129.0
Carmésia,241.1
Carmópolis,87.31
Carmópolis de Minas,1629.78
Carnaubais,339.0
Carnaubal,214.89000000000001
Carnaíba,416.89
Carnaúba dos Dantas,129.99
Carneirinho,294.5
Carolina,429.79999999999995
Carpina,2194.76
Carrancas,134.79
Caruaru,9265.7
Carutapera,174.9
Carvalhópolis,240.32999999999998
Casa Branca,1378.88
Casa Nova,1163.0900000000001
Casca,1326.27
Cascalho Rico,69.0
Cascavel,24430.48
Caseiros,109.9
Casimiro de Abreu,5899.18
Cassilândia,1524.5
Castanhal,3628.62
Castanheira,128.98000000000002
Castanheiras,42.9
Castelo,1600.8
Castelo do Piauí,422.6
Castelândia,554.98
Castilho,2822.21
Castro,3671.22
Castro Alves,58.9
Cataguases,4474.87
Catalão,5354.04
Catanduva,9680.83
Catanduvas,690.79
Catarina,204.98
Catas Altas,1052.85
Catende,1630.1799999999998
Catiguá,668.57
Catolé do Rocha,3742.59
Catu,1486.97
Caturama,19.99
Catuípe,539.8
Caucaia,5856.66
Cavalcante,158.99
Caxambu,1700.73
Caxambu do Sul,19.5
Caxias,1790.55
Caxias do Sul,36033.19
Caxingó,29.0
Caçador,4569.38
Caçapava,9928.07
Caçapava do Sul,859.99
Caçu,982.6800000000001
Caém,57.9
Ceará-Mirim,305.46000000000004
Cedral,1623.24
Cedro,249.9
Cedro de São João,1999.99
Cedro do Abaeté,42.99
Celso Ramos,1136.79
Centenário,134.99
Centenário do Sul,369.13
Central,119.5
Centralina,29.99
Centro Novo do Maranhão,299.99
Cerejeiras,117.99
Ceres,1905.47
Cerqueira César,3701.52
Cerquilho,3299.91
Cerrito,59.9
Cerro Azul,182.18
Cerro Grande,52.9
Cerro Grande do Sul,184.0
Cerro Largo,712.87
Cerro Negro,118.0
Cesário Lange,1966.5
Cezarina,13.49
Chalé,116.4
Chapada,1463.19
Chapada Gaúcha,391.69
Chapada do Norte,373.9
Chapada dos Guimarães,754.8
Chapadinha,113.88
Chapadão do Céu,1108.57
Chapadão do Lageado,272.70000000000005
Chapadão do Sul,1569.79
Chapecó,15106.11
Charqueada,1122.67
Charqueadas,1721.41
Charrua,125.0
Chaval,150.0
Chavantes,1306.5
Chiapetta,129.99
Chopinzinho,142.38
Chorozinho,359.0
Chorrochó,322.8
Chuí,818.6999999999999
Chácara,175.7
Chã Grande,164.89
Chã de Alegria,79.99
Cianorte,4863.67
Cidade Gaúcha,798.39
Cidade Ocidental,725.37
Cidelândia,375.96
Cidreira,656.12
Cipó,179.0
Ciríaco,229.0
Claraval,171.0
Claro dos Poções,99.99
Clementina,397.54
Clevelândia,138.5
Cláudia,302.68
Cláudio,2867.07
Coaraci,1201.8799999999999
Coari,1190.65
Cocal,896.77
Cocal do Sul,2015.29
Cocalinho,418.87
Cocalzinho de Goiás,149.9
Cocos,49.99
Codó,2224.82
Coelho Neto,314.9
Coimbra,38.9
Coité do Nóia,89.9
Colatina,6891.84
Colina,608.68
Colinas,1161.86
Colinas do Tocantins,510.5
Colméia,105.0
Colniza,718.97
Colombo,7386.900000000001
Colorado,1225.48
Colorado do Oeste,199.88
Coluna,297.88
Colíder,2161.73
Colômbia,377.72
Colônia Leopoldina,477.98
Combinado,29.0
Comendador Levy Gasparian,603.6899999999999
Comercinho,129.0
Comodoro,2245.02
Conceição,114.49
Conceição da Aparecida,866.08
Conceição da Barra,408.35999999999996
Conceição da Feira,603.99
Conceição das Alagoas,1542.4
Conceição das Pedras,313.59000000000003
Conceição de Macabu,1626.47
Conceição do Almeida,99.0
Conceição do Araguaia,1143.8899999999999
Conceição do Canindé,155.44
Conceição do Castelo,507.83000000000004
Conceição do Coité,997.89
Conceição do Jacuípe,177.89
Conceição do Mato Dentro,1317.91
Conceição do Pará,694.99
Conceição do Rio Verde,825.89
Conceição do Tocantins,367.97
Conceição dos Ouros,632.78
Conchal,2075.2400000000002
Conchas,1064.45
Concórdia,5503.59
Concórdia do Pará,929.78
Condado,944.8
Conde,819.0
Condeúba,56.99
Condor,216.8
Confins,389.0
Confresa,1065.6499999999999
Congonhal,455.84000000000003
Congonhas,2938.61
Congonhinhas,285.70000000000005
Conquista,453.88
Conquista D'Oeste,89.99
Conselheiro Lafaiete,9061.460000000001
Conselheiro Mairinck,67.0
Conselheiro Pena,2020.5500000000002
Constantina,330.0
Contagem,48561.04
Contenda,89.9
Coqueiro Baixo,86.99
Coqueiros do Sul,25.73
Coração de Jesus,123.9
Coração de Maria,279.9
Corbélia,733.8
Cordeiro,2604.86
Cordeiros,322.75
Cordeirópolis,1260.05
Coreaú,29.99
Coremas,284.69000000000005
Corguinho,225.41
Coribe,654.97
Corinto,1362.8600000000001
Cornélio Procópio,2234.17
Coroaci,338.9
Coroados,209.9
Coroatá,873.48
Coromandel,2403.93
Coronel Domingos Soares,89.0
Coronel Fabriciano,4149.2
Coronel Freitas,79.99
Coronel João Pessoa,89.9
Coronel João Sá,587.99
Coronel Macedo,92.9
Coronel Martins,121.30000000000001
Coronel Murta,219.8
Coronel Pacheco,99.9
Coronel Sapucaia,89.9
Coronel Vivida,856.87
Correia Pinto,1454.23
Corrente,1489.9
Correntes,169.9
Correntina,130.99
Cortês,249.89000000000001
Corumbataí,49.59
Corumbataí do Sul,27.49
Corumbaíba,176.8
Corumbá,4700.17
Corumbá de Goiás,126.99
Corupá,434.65
Coruripe,1222.3
Cosmorama,973.98
Cosmópolis,6668.9
Costa Marques,1534.9
Costa Rica,1043.66
Cotegipe,84.99
Cotia,29713.74
Cotiporã,112.0
Cotriguaçu,167.66
Couto Magalhães,194.89
Coxilha,115.9
Coxim,1598.75
Crateús,2407.76
Crato,3100.66
Cravinhos,2363.95
Cravolândia,139.9
Criciúma,13725.08
Crissiumal,1589.0
Cristais,208.7
Cristais Paulista,543.78
Cristal,533.0
Cristalina,2112.65
Cristalândia,948.69
Cristiano Otoni,210.2
Cristina,1009.42
Cristinápolis,77.9
Cristália,418.7
Cristópolis,63.41
Crisólita,103.9
Crisópolis,185.70000000000002
Crixás,893.68
Croatá,58.99
Cromínia,45.9
Crucilândia,17.0
Cruz,1480.58
Cruz Alta,2842.11
Cruz Machado,441.77
Cruz das Almas,2007.24
Cruzeiro,6109.5
Cruzeiro da Fortaleza,254.8
Cruzeiro do Iguaçu,129.99
Cruzeiro do Oeste,825.39
Cruzeiro do Sul,3193.69
Cruzália,292.4
Cruzília,377.9
Cubati,135.89000000000001
Cubatão,6996.03
Cuiabá,38178.84
Cuité,678.89
Cujubim,89.9
Cumari,199.9
Cumaru,330.99
Cunha,2845.12
Cunha Porã,645.4200000000001
Cupira,39.9
Curaçá,308.9
Curitiba,205999.33
Curitibanos,2878.94
Curiúva,295.70000000000005
Currais Novos,1448.19
Curral de Cima,199.0
Curralinho,188.76
Cururupu,629.26
Curuçá,524.7
Curvelo,5248.01
Curvelândia,189.0
Custódia,584.88
Cáceres,4750.1900000000005
Cássia,278.29
Cássia dos Coqueiros,74.9
Cândido Godói,900.0
Cândido Mendes,239.8
Cândido Mota,1573.29
Cândido Rodrigues,81.78999999999999
Cândido Sales,396.78999999999996
Cândido de Abreu,360.8
Céu Azul,382.56
Cícero Dantas,2974.15
Córrego Danta,25.4
Córrego Fundo,129.0
Córrego do Ouro,28.9
Damianópolis,33.64
Datas,780.0
David Canabarro,167.88
Delfim Moreira,24.9
Delfinópolis,233.58999999999997
Delmiro Gouveia,1125.8
Demerval Lobão,15.0
Denise,507.0
Deodápolis,76.8
Deputado Irapuan Pinheiro,169.98000000000002
Descalvado,1231.74
Descoberto,206.98000000000002
Desterro,559.0
Desterro de Entre Rios,39.9
Desterro do Melo,24.9
Dezesseis de Novembro,79.9
Diadema,28839.98
Diamante D'Oeste,289.9
Diamante do Norte,391.25
Diamantina,2619.27
Diamantino,386.49
Dianópolis,822.9499999999999
Dias D'Ávila,45.0
Dias d'Ávila,2468.45
Diogo de Vasconcelos,191.62
Dionísio,118.80000000000001
Dionísio Cerqueira,428.0
Diorama,196.87
Divino,1208.59
Divino das Laranjeiras,175.8
Divino de São Lourenço,103.97
Divinolândia,1370.68
Divinolândia de Minas,219.59
Divinésia,249.9
Divinópolis,35091.97
Divinópolis de Goiás,79.0
Divinópolis do Tocantins,120.99
Divisa Alegre,190.99
Divisa Nova,689.9
Dobrada,437.5
Dois Córregos,1293.69
Dois Irmãos,3398.76
Dois Irmãos do Buriti,826.9
Dois Riachos,104.99
Dois Vizinhos,2311.92
Dom Aquino,449.79999999999995
Dom Basílio,100.28
Dom Cavati,74.99
Dom Eliseu,343.87
Dom Feliciano,452.05
Dom Joaquim,149.0
Dom Macedo Costa,55.9
Dom Pedrito,1461.93
Dom Pedro,333.77
Dom Silvério,392.24
Dom Viçoso,272.3
Domingos Martins,1681.6
Dona Emma,30.21
Dona Euzébia,316.89
Dona Francisca,258.7
Dores de Campos,1308.1399999999999
Dores do Indaiá,744.57
Dores do Rio Preto,411.76
Dormentes,946.8
Douradina,99.9
Dourado,1120.33
Dourados,8849.71
Doutor Camargo,211.05
Doutor Ulysses,122.0
Doverlândia,277.91999999999996
Dracena,4597.05
Duartina,1252.67
Duas Barras,299.73
Dueré,115.9
Dumont,289.70000000000005
Duque de Caxias,32769.23
Durandé,117.49000000000001
Dário Meira,138.99
Echaporã,787.47
Ecoporanga,881.9200000000001
Edéia,472.9
Eldorado,530.67
Eldorado do Sul,1853.48
Elias Fausto,396.4
Eliseu Martins,318.98
Elisiário,49.0
Elísio Medrado,79.82
Elói Mendes,1795.3899999999999
Embaúba,399.0
Embu das Artes,21516.66
Embu-Guaçu,6314.67
Emilianópolis,169.85000000000002
Encantado,2807.17
Encruzilhada do Sul,903.99
Engenheiro Coelho,1049.48
Engenheiro Navarro,1997.0
Engenheiro Paulo de Frontin,568.92
Entre Folhas,84.99
Entre Rios,1103.4
Entre Rios de Minas,1503.86
Entre Rios do Oeste,93.89
Entre-Ijuís,454.5
Enéas Marques,151.68
Epitaciolândia,92.34
Erebango,119.99
Erechim,6420.89
Ereré,188.0
Erval Grande,395.9
Ervália,1076.83
Escada,2658.43
Esmeralda,145.0
Esmeraldas,1780.97
Espera Feliz,3315.75
Esperantina,499.1
Esperantinópolis,640.61
Esperança,1720.38
Espigão Alto do Iguaçu,158.9
Espigão do Oeste,706.6800000000001
Espinosa,2705.09
Esplanada,1660.9
Espumoso,1210.71
Espírito Santo do Pinhal,2160.02
Espírito Santo do Turvo,229.70000000000002
Estação,704.1
Esteio,6068.71
Estiva,10.9
Estiva Gerbi,964.26
Estreito,305.89
Estrela,2113.2
Estrela D'Oeste,134.9
Estrela Velha,14.9
Estrela d'Oeste,227.07
Estrela do Indaiá,112.80000000000001
Estrela do Norte,173.79
Estrela do Sul,89.9
Estância,2594.65
Estância Velha,2782.1
Euclides da Cunha,566.1800000000001
Euclides da Cunha Paulista,163.25
Eugenópolis,1033.77
Eugênio de Castro,97.0
Eunápolis,6788.610000000001
Eusébio,2217.51
Ewbank da Câmara,79.99
Extrema,5282.93
Extremoz,111.78999999999999
Fagundes,198.9
Farol,126.99
Farroupilha,3213.0299999999997
Fartura,1771.4099999999999
Faxinal,848.05
Faxinal dos Guedes,1512.73
Faxinalzinho,19.9
Fazenda Nova,319.78999999999996
Fazenda Rio Grande,4655.49
Fazenda Vilanova,157.8
Feira Nova,480.78
Feira de Santana,26944.19
Felipe Guerra,122.99
Felisburgo,99.9
Felixlândia,75.0
Feliz,2523.43
Feliz Deserto,309.89
Feliz Natal,259.99
Felício dos Santos,169.9
Fernando Prestes,591.48
Fernandópolis,7415.16
Fernão,29.0
Ferraz de Vasconcelos,15549.53
Ferreiros,95.0
Ferros,119.6
Fervedouro,965.76
Figueira,928.78
Figueirópolis D'Oeste,77.98
Filadélfia,79.9
Firminópolis,613.49
Flor da Serra do Sul,197.10000000000002
Flora Rica,200.0
Floraí,387.39
Floreal,192.89000000000001
Flores,360.6
Flores da Cunha,1439.45
Flores de Goiás,24.99
Floresta,1184.37
Floresta do Araguaia,129.99
Florestal,299.5
Florestópolis,492.70000000000005
Floriano,2424.02
Florianópolis,84043.85
Florânia,35.5
Florínea,41.5
Flórida,69.9
Flórida Paulista,353.79
Fontoura Xavier,199.0
Formiga,4407.94
Formigueiro,279.8
Formosa,5282.15
Formosa da Serra Negra,99.0
Formosa do Oeste,69.9
Formosa do Rio Preto,1398.13
Formoso,867.99
Formoso do Araguaia,251.28000000000003
Forquilha,348.47
Forquilhinha,1143.85
Fortaleza,93269.67
Fortaleza dos Valos,100.0
Fortim,179.0
Fortuna,523.89
Foz do Iguaçu,11506.380000000001
Foz do Jordão,49.0
Fraiburgo,2028.57
Franca,22015.55
Francisco Badaró,367.46
Francisco Beltrão,7291.58
Francisco Dantas,198.9
Francisco Dumont,108.89
Francisco Morato,8344.17
Francisco Santos,20.9
Francisco Sá,532.8
Franco da Rocha,10073.2
Frecheirinha,175.09
Frederico Westphalen,1053.45
Frei Gaspar,74.9
Frei Inocêncio,644.29
Frei Lagonegro,206.74
Frei Martinho,268.9
Frei Rogério,99.9
Fronteira,949.6600000000001
Fronteiras,1308.8000000000002
Fruta de Leite,178.9
Frutal,3310.46
Frutuoso Gomes,79.99
Fundão,352.8
Fátima,511.8
Fátima do Sul,1436.29
Fênix,44.99
Gabriel Monteiro,34.9
Galinhos,240.0
Galvão,59.5
Gameleira,1657.98
Gameleiras,423.89
Gandu,417.7
Garanhuns,3948.48
Garibaldi,1014.8
Garopaba,2669.1
Garrafão do Norte,662.89
Garruchos,62.9
Garuva,1467.38
Garça,2918.41
Gaspar,10623.34
Gastão Vidigal,216.88
Gaurama,277.88
Gavião Peixoto,94.89
Gaúcha do Norte,136.48000000000002
General Carneiro,401.48
General Câmara,89.0
General Maynard,197.5
General Salgado,493.59
Gentio do Ouro,98.7
Getulina,99.80000000000001
Getúlio Vargas,746.61
Gilbués,296.0
Girau do Ponciano,39.9
Giruá,1335.28
Glicério,739.98
Glorinha,249.8
Glória de Dourados,45.8
Glória do Goitá,516.99
Godoy Moreira,1049.0
Goiabeira,259.98
Goiana,695.63
Goiandira,94.9
Goianinha,325.3
Goianira,853.8100000000001
Goianorte,184.99
Goianápolis,1086.98
Goianésia,1987.48
Goianésia do Pará,861.99
Goiatuba,2347.44
Goioerê,1935.28
Goiás,1084.21
Goiânia,96547.85
Gongogi,29.99
Gonçalves,356.9
Gonçalves Dias,65.0
Gouveia,936.96
Governador Celso Ramos,389.97
Governador Dix-Sept Rosado,159.9
Governador Eugênio Barros,346.32
Governador Lindenberg,101.97
Governador Mangabeira,98.0
Governador Valadares,18206.25
Gracho Cardoso,610.0
Grajaú,652.79
Gramado,3123.34
Gramado Xavier,52.9
Gramado dos Loureiros,209.99
Grandes Rios,128.99
Granja,460.68
Gravatal,1260.27
Gravataí,18591.02
Gravatá,1806.19
Groaíras,152.15
Grupiara,129.94
Grão Mogol,899.8
Grão Pará,220.8
Guabiju,33.6
Guabiruba,688.78
Guadalupe,1313.7
Guairaçá,63.8
Guaiçara,767.23
Guaiúba,695.0
Guajará-Mirim,118.89
Guamaré,156.8
Guamiranga,214.0
Guanambi,4189.81
Guanhães,1931.45
Guapiara,210.29000000000002
Guapiaçu,906.98
Guapimirim,2967.2599999999998
Guapirama,89.9
Guaporé,3153.15
Guapé,176.96
Guapó,757.89
Guarabira,1239.68
Guaraci,1131.6999999999998
Guaraciaba,254.7
Guaraciaba do Norte,605.15
Guaramirim,1377.08
Guarani,2164.42
Guarani das Missões,68.66
Guaraniaçu,385.96999999999997
Guarantã,569.29
Guarantã do Norte,393.87
Guaranésia,934.48
Guarapari,10494.41
Guarapuava,9598.86
Guaraqueçaba,49.9
Guararapes,1220.84
Guararema,1189.56
Guarará,501.99
Guaratinga,42.99
Guaratinguetá,14751.119999999999
Guaratuba,1821.8799999999999
Guaraçaí,541.49
Guaraí,1156.6
Guarda-Mor,83.9
Guareí,1098.29
Guariba,1608.43
Guarujá,28878.39
Guarujá do Sul,331.44
Guarulhos,139008.19
Guará,931.59
Guatapará,75.0
Guaxupé,6081.17
Guaçuí,3797.29
Guaíba,5417.51
Guaíra,4519.02
Guia Lopes da Laguna,29.99
Guidoval,364.9
Guimarânia,523.9
Guimarães,199.99
Guiricema,149.9
Gurupi,5229.29
Guzolândia,101.62
Gália,199.0
Heliópolis,149.0
Herculândia,184.89000000000001
Herval,169.9
Herval d'Oeste,1106.74
Herveiras,109.0
Hidrolina,181.47
Hidrolândia,1012.76
Holambra,3638.88
Horizonte,519.99
Horizontina,576.54
Hortolândia,16225.15
Hulha Negra,329.0
Humaitá,285.85
Humberto de Campos,45.9
Iacanga,329.39
Iaciara,666.99
Iacri,56.98
Iapu,383.15000000000003
Iaras,79.99
Iati,628.99
Iaçu,340.7
Ibaiti,1057.3600000000001
Ibarama,149.0
Ibateguara,75.9
Ibatiba,1518.78
Ibaté,1512.6
Ibema,134.9
Ibertioga,162.5
Ibiam,382.99
Ibiapina,197.89
Ibiara,278.0
Ibiassucê,164.5
Ibiaçá,278.89
Ibiaí,556.89
Ibicaraí,424.88
Ibicaré,227.4
Ibicoara,299.2
Ibicuitinga,28.99
Ibimirim,294.79
Ibipeba,61.7
Ibipitanga,349.98
Ibiporã,1303.38
Ibiracatu,129.99
Ibiraci,388.8
Ibiraiaras,232.98
Ibirama,1026.5
Ibirapuã,122.99
Ibirarema,426.88
Ibirataia,52.8
Ibiraçu,27.3
Ibirité,7241.58
Ibirubá,3155.8
Ibirá,811.73
Ibitiara,118.9
Ibitinga,2911.26
Ibititá,1450.0
Ibiá,1367.29
Ibiúna,3439.52
Ibotirama,3032.39
Icapuí,454.25
Icaraí de Minas,254.9
Icaraíma,27.9
Icatu,778.0
Ichu,160.98000000000002
Iconha,315.74
Icém,885.97
Icó,1990.88
Ielmo Marinho,148.70000000000002
Iepê,289.58
Igaci,319.89
Igaporã,39.99
Igarapava,791.09
Igarapé,1734.47
Igarapé-Açu,69.0
Igarapé-Miri,27.99
Igarassu,1826.38
Igaratinga,373.32
Igaratá,764.0899999999999
Igaraçu do Tietê,107.69
Igrapiúna,29.99
Igreja Nova,208.0
Igrejinha,1173.03
Iguaba Grande,2348.6
Iguape,1359.5700000000002
Iguaraçu,525.7
Iguatama,299.0
Iguatu,3676.19
Iguaí,535.99
Ijuí,5584.45
Ilha Comprida,212.98000000000002
Ilha Grande,139.9
Ilha Solteira,2299.44
Ilha de Itamaracá,524.44
Ilhabela,3180.38
Ilhota,749.1400000000001
Ilhéus,8546.76
Ilicínea,89.9
Ilópolis,181.8
Imaculada,340.89
Imbaú,124.2
Imbituba,2968.47
Imbituva,740.6700000000001
Imbuia,1501.88
Imbé,2727.95
Imbé de Minas,209.0
Imigrante,305.9
Imperatriz,7171.38
Inaciolândia,842.99
Inajá,426.29999999999995
Inconfidentes,99.99000000000001
Indaial,3334.7400000000002
Indaiatuba,36862.6
Independência,110.0
Indiana,343.89
Indianópolis,291.78000000000003
Indiaporã,356.67
Indiara,369.91
Indiaroba,48.0
Ingaí,96.0
Ingá,130.0
Inhambupe,1117.78
Inhapi,979.9
Inhapim,436.35
Inhaúma,124.97999999999999
Inhuma,78.0
Inhumas,2210.83
Inimutaba,266.7
Inocência,36.9
Inácio Martins,242.99
Inúbia Paulista,304.98
Iomerê,49.0
Ipaba,1403.5
Ipameri,2215.44
Ipanema,3727.77
Ipaporanga,388.9
Ipatinga,21797.420000000002
Ipaumirim,269.9
Ipaussu,1228.72
Ipecaetá,23.4
Iperó,2659.28
Ipiaçu,429.88
Ipiaú,697.27
Ipiguá,247.24
Ipira,3362.98
Ipiranga,189.89
Ipiranga de Goiás,119.9
Ipiranga do Norte,95.0
Ipiranga do Sul,109.9
Ipixuna do Pará,188.0
Ipojuca,1567.3
Iporã,2220.88
Iporã do Oeste,509.85
Ipu,379.88
Ipubi,400.47
Ipueira,169.99
Ipueiras,1547.29
Ipuiúna,169.9
Ipumirim,281.41
Ipupiara,495.0
Ipuã,2031.49
Ipê,173.9
Iracema,229.9
Iracemápolis,1251.88
Iramaia,154.9
Irani,294.39
Irapuru,889.48
Irapuã,198.8
Iraquara,390.8
Irará,171.89000000000001
Irati,2455.22
Irauçuba,299.79
Iraí,557.89
Iraí de Minas,414.89
Irecê,1729.52
Iretama,117.3
Irineópolis,212.82
Irupi,242.99
Isaías Coelho,170.0
Itaara,56.99
Itabaiana,3125.77
Itabaianinha,157.8
Itabela,423.89
Itaberaba,989.26
Itaberaí,1012.08
Itaberá,1366.14
Itabi,89.9
Itabira,10069.51
Itabirinha,108.0
Itabirito,5012.23
Itaboraí,6555.85
Itabuna,7874.55
Itacarambi,339.79
Itacaré,1097.19
Itacoatiara,57.98
Itagi,111.89000000000001
Itagibá,126.89000000000001
Itagimirim,129.9
Itaguajé,138.8
Itaguara,48.89
Itaguari,887.0
Itaguaru,84.89
Itaguaçu,1840.92
Itaguaçu da Bahia,249.7
Itaguaí,6122.54
Itaipulândia,195.17
Itaitinga,558.9
Itaituba,243.88
Itaiçaba,32.99
Itaiópolis,1313.5900000000001
Itajaí,18698.57
Itajobi,1653.95
Itaju,927.8
Itaju do Colônia,39.9
Itajubá,13667.8
Itajuípe,734.49
Itajá,902.0
Italva,1243.09
Itamaraju,1304.23
Itamarandiba,1706.99
Itamari,268.98
Itambacuri,601.77
Itambaracá,269.8
Itambé,898.38
Itamogi,229.9
Itamonte,883.15
Itanhandu,1830.08
Itanhangá,69.99
Itanhaém,9727.09
Itanhomi,308.55
Itanhém,507.95
Itaobim,866.9100000000001
Itaoca,460.70000000000005
Itaocara,1984.54
Itapaci,237.8
Itapagipe,265.49
Itapajé,3358.67
Itaparica,168.49
Itapecerica,1363.28
Itapecerica da Serra,8399.01
Itapecuru Mirim,552.97
Itapejara d'Oeste,1049.9
Itapema,6109.87
Itapemirim,779.54
Itaperuna,6148.28
Itaperuçu,635.84
Itapetim,280.8
Itapetinga,2727.12
Itapetininga,12521.68
Itapeva,6635.93
Itapevi,18348.91
Itapicuru,137.32999999999998
Itapipoca,1121.08
Itapira,8233.03
Itapiranga,2667.18
Itapirapuã,459.79999999999995
Itapirapuã Paulista,479.79999999999995
Itapissuma,290.8
Itapitanga,205.70000000000002
Itapiúna,54.980000000000004
Itaporanga,2501.08
Itaporanga d'Ajuda,159.99
Itaporã,197.88
Itapoá,849.67
Itapura,351.87
Itapuranga,800.8800000000001
Itapuí,1307.09
Itapé,230.0
Itaquaquecetuba,18889.92
Itaqui,1154.38
Itaquiraí,272.9
Itaquitinga,64.89
Itarana,789.37
Itarantim,478.97
Itararé,3915.3
Itarema,72.9
Itariri,1259.32
Itatiaia,1526.46
Itatiaiuçu,129.9
Itatiba,12049.31
Itatiba do Sul,39.9
Itatim,312.69
Itatinga,1760.15
Itaueira,105.28
Itaí,1757.58
Itaú,666.8
Itaú de Minas,364.45
Itaúba,1420.98
Itaúna,7743.95
Itinga,363.5
Itiquira,133.0
Itirapina,142.89999999999998
Itiruçu,653.28
Itiúba,272.89
Itobi,472.68
Itororó,619.2
Itu,12266.34
Ituaçu,398.5
Ituberá,100.73
Itueta,553.89
Ituiutaba,5431.17
Itumbiara,5092.22
Itumirim,199.0
Itupeva,5101.71
Itupiranga,399.0
Ituporanga,3225.16
Iturama,1655.55
Itutinga,69.9
Ituverava,3748.7400000000002
Itá,317.89
Itápolis,3453.98
Ivaiporã,516.75
Ivaté,273.98
Ivaí,610.7700000000001
Ivinhema,243.69
Ivorá,149.9
Ivoti,1235.1100000000001
Içara,2317.34
Iúna,131.0
Jaboatão dos Guararapes,21143.170000000002
Jaborandi,126.29
Jaborá,267.9
Jaboti,160.7
Jaboticabal,5747.12
Jaboticatubas,767.3
Jacaraci,911.79
Jacareacanga,49.0
Jacarezinho,1289.36
Jacareí,18055.78
Jaci,115.89
Jaciara,185.7
Jacinto,113.99
Jacinto Machado,260.49
Jacobina,7029.76
Jacuizinho,59.54
Jacundá,1601.71
Jacupiranga,785.8
Jacutinga,2720.21
Jacuí,403.74
Jacuípe,13.98
Jaguaquara,192.4
Jaguarari,2024.35
Jaguaraçu,55.9
Jaguari,157.89
Jaguariaíva,1634.5900000000001
Jaguaribara,98.0
Jaguaribe,663.98
Jaguariúna,8312.47
Jaguaruana,1155.15
Jaguaruna,162.9
Jaguarão,1025.29
Jaguaré,1193.95
Jales,2918.15
Jambeiro,329.26
Jampruca,235.9
Janaúba,2952.26
Jandaia,23.2
Jandaia do Sul,1839.25
Jandaíra,169.89000000000001
Jandira,8260.47
Janduís,84.99
Janiópolis,265.97
Januária,3471.23
Japaratuba,99.99
Japaraíba,108.9
Japeri,4458.27
Japi,229.9
Japira,363.79
Japoatã,179.9
Japurá,408.5
Jaqueira,578.99
Jaquirana,499.0
Jaraguari,75.0
Jaraguá,610.67
Jaraguá do Sul,12924.66
Jardim,648.65
Jardim Alegre,118.38000000000001
Jardim Olinda,139.0
Jardim de Piranhas,23.9
Jardim do Seridó,445.9
Jardinópolis,1600.05
Jari,354.8
Jarinu,1410.48
Jaru,660.59
Jataí,10040.37
Jataúba,126.89000000000001
Jatobá,565.29
Jaupaci,89.9
Jauru,613.79
Jaíba,683.49
Jaú,9460.56
Jeceaba,544.23
Jenipapo de Minas,7.48
Jequeri,655.0
Jequitaí,204.18
Jequitibá,636.9
Jequitinhonha,1372.3700000000001
Jequiá da Praia,251.91
Jequié,4687.84
Jeremoabo,922.0799999999999
Jericó,75.0
Jeriquara,129.0
Jerônimo Monteiro,284.0
Jesuânia,327.98
Jesuítas,556.5500000000001
Jesúpolis,159.33
Ji-Paraná,3412.04
Jijoca de Jericoacoara,1130.9
Jiquiriçá,499.99
Joanópolis,824.6
Joaquim Nabuco,234.87
Joaquim Pires,12.97
Joaquim Távora,317.98
Joaçaba,4721.0
Joaíma,37.9
Joinville,34399.99
Jordânia,886.25
Joselândia,73.35
José Boiteux,119.69999999999999
José Bonifácio,1486.34
José da Penha,159.99
José de Freitas,257.9
Joviânia,376.96999999999997
João Alfredo,215.49
João Câmara,1379.8000000000002
João Dourado,19.9
João Lisboa,612.89
João Monlevade,6941.9
João Neiva,724.9300000000001
João Pessoa,51502.15
João Pinheiro,2708.3
João Ramalho,407.89
Juara,378.49
Juatuba,607.9
Juazeiro,7456.26
Juazeiro do Norte,6698.0
Jucurutu,632.98
Jucuruçu,409.98
Jucás,325.0
Juiz de Fora,64456.78
Jumirim,337.6
Junco do Seridó,239.89
Jundiaí,80398.04
Jundiaí do Sul,337.96999999999997
Junqueiro,360.89
Junqueirópolis,2029.24
Jupi,604.9
Juquitiba,3073.87
Juquiá,710.0799999999999
Juranda,40.9
Jurema,114.49
Juripiranga,69.99
Juru,890.0
Juruaia,380.78000000000003
Juruena,319.9
Juruti,49.9
Juscimeira,123.80000000000001
Jussara,112.28
Jussari,139.99
Jussiape,37.0
Juti,631.79
Juvenília,77.47999999999999
Juína,4695.32
Júlio Mesquita,909.99
Júlio de Castilhos,787.54
Kaloré,429.99
Ladainha,171.14
Ladário,292.69
Lagarto,1955.4299999999998
Lages,11340.11
Lago Verde,98.0
Lago da Pedra,840.3699999999999
Lagoa,110.0
Lagoa Dourada,586.78
Lagoa Formosa,647.5699999999999
Lagoa Grande,3079.25
Lagoa Nova,113.80000000000001
Lagoa Real,410.0
Lagoa Salgada,30.24
Lagoa Santa,8378.6
Lagoa Vermelha,1616.25
Lagoa d'Anta,170.0
Lagoa da Canoa,160.99
Lagoa da Confusão,699.99
Lagoa da Prata,1685.69
Lagoa de São Francisco,68.99
Lagoa de Velhos,199.0
Lagoa do Carro,746.77
Lagoa do Mato,35.99
Lagoa do Ouro,305.9
Lagoa do Piauí,84.99
Lagoa dos Gatos,969.99
Lagoa dos Patos,59.9
Lagoa dos Três Cantos,74.9
Lagoinha,605.98
Lagoinha do Piauí,115.0
Lagoão,156.45
Laguna,2202.73
Laje do Muriaé,219.0
Lajeado,8188.41
Lajeado Grande,130.0
Lajedo,916.27
Lajinha,515.0699999999999
Lamarão,59.0
Lambari,1506.47
Lamim,89.9
Lapa,3838.2
Laranja da Terra,69.9
Laranjal,316.99
Laranjal Paulista,2848.65
Laranjal do Jari,318.8
Laranjeiras do Sul,1995.57
Laurentino,782.41
Lauro Müller,1449.57
Lauro de Freitas,8632.98
Lavras,12790.960000000001
Lavras da Mangabeira,827.88
Lavras do Sul,593.8
Lavrinhas,599.9
Lavínia,326.8
Leandro Ferreira,208.9
Leme,8152.92
Lençóis,218.0
Lençóis Paulista,6720.22
Leoberto Leal,24.99
Leopoldina,1816.77
Leopoldo de Bulhões,283.02
Leópolis,18.9
Liberato Salzano,12.99
Liberdade,107.22999999999999
Lima Duarte,804.87
Limeira,22804.26
Limeira do Oeste,441.7
Limoeiro,511.59
Limoeiro do Norte,1156.67
Lindoeste,164.3
Lindolfo Collor,110.9
Lindóia,606.03
Lindóia do Sul,103.9
Linhares,11925.11
Lins,9162.66
Livramento de Nossa Senhora,655.54
Loanda,1704.36
Lobato,498.53999999999996
Londrina,45867.97
Lontras,402.5
Lorena,7650.03
Loreto,1599.99
Lourdes,193.7
Louveira,4777.82
Lucas do Rio Verde,5667.76
Lucena,89.0
Lucianópolis,142.9
Lucélia,961.35
Luisburgo,246.98000000000002
Luiz Alves,114.0
Luiziana,149.85
Luiziânia,225.49
Luminárias,423.8
Lunardelli,214.89
Lupionópolis,209.75
Lupércio,133.79
Lutécia,887.0
Luz,166.9
Luzilândia,161.8
Luziânia,4761.46
Luís Antônio,980.08
Luís Correia,115.0
Luís Eduardo Magalhães,8343.87
Macambira,173.9
Macaparana,144.88
Macapá,11352.43
Macatuba,2984.64
Macau,998.88
Macaubal,89.8
Macaé,30525.43
Macaíba,574.4399999999999
Macaúbas,867.47
Macedônia,334.21
Maceió,43592.59
Machacalis,138.89
Machadinho,48.0
Machadinho D'Oeste,396.98
Machado,2761.92
Machados,89.9
Macieira,17.46
Macuco,69.9
Madalena,132.9
Madre de Deus,633.32
Madre de Deus de Minas,362.96000000000004
Mafra,1719.6299999999999
Magalhães de Almeida,270.9
Magda,458.99
Magé,14316.76
Maiquinique,119.4
Mairi,913.0
Mairinque,2772.12
Mairiporã,9087.38
Major Vieira,256.89
Malacacheta,1355.65
Malhador,23.99
Mallet,786.65
Mamanguape,1089.75
Mambaí,816.99
Mamborê,780.24
Mamonas,230.0
Mampituba,40.95
Manaus,20451.56
Manaíra,90.0
Mandaguari,5039.15
Mandaguaçu,3222.0
Mandirituba,475.21000000000004
Manduri,239.62
Manfrinópolis,111.0
Manga,378.8
Mangaratiba,1706.6000000000001
Mangueirinha,1524.77
Manhuaçu,8510.0
Manhumirim,2461.7799999999997
Manoel Ribas,631.65
Manoel Urbano,194.99
Manoel Viana,208.79
Mansidão,49.0
Mantena,1652.22
Mantenópolis,423.78999999999996
Maquiné,122.99
Mar Vermelho,519.98
Mar de Espanha,1014.72
Mara Rosa,143.9
Marabá,3597.17
Maracaju,2791.96
Maracanaú,4813.33
Maracanã,238.0
Maracaçumé,617.18
Maracaí,1114.58
Maracás,703.64
Maragogi,1897.05
Maragogipe,152.8
Maranguape,679.87
Maranhãozinho,40.9
Marataízes,2907.27
Marau,2167.34
Maravilha,711.97
Maravilhas,420.81
Marcelino Vieira,117.7
Marco,582.6
Marcos Parente,13.65
Marechal Cândido Rondon,3469.71
Marechal Deodoro,349.9
Marechal Floriano,559.64
Mari,264.55
Maria da Fé,305.55
Marialva,2633.0699999999997
Mariana,4612.4800000000005
Mariano Moro,125.0
Maribondo,49.9
Maricá,15216.26
Marilac,657.8
Marilena,89.99
Mariluz,308.99
Marilândia,1436.07
Marilândia do Sul,159.9
Maringá,37299.2
Marinópolis,158.88
Maripá,446.87
Marituba,1224.29
Mariápolis,111.9
Mariópolis,154.99
Marmeleiro,698.44
Marques de Souza,29.9
Martinho Campos,415.2
Martins,177.89000000000001
Martins Soares,408.79
Martinópolis,3858.0800000000004
Marília,33664.13
Mascote,122.4
Massapê,155.9
Massaranduba,347.86
Mata,399.85
Mata Grande,378.65000000000003
Mata Roma,193.0
Mata Verde,1512.53
Mata de São João,1083.55
Matelândia,57.980000000000004
Materlândia,79.98
Mateus Leme,667.08
Matias Barbosa,2169.86
Matias Olímpio,600.0
Matinhos,2862.15
Matipó,491.19000000000005
Mato Leitão,179.0
Mato Rico,72.9
Mato Verde,420.43000000000006
Matozinhos,750.65
Matrinchã,163.29
Matriz de Camaragibe,64.0
Matupá,871.1700000000001
Matutina,134.89000000000001
Matão,7162.72
Matões,72.0
Matões do Norte,698.9
Maurilândia,265.63
Mauriti,14.9
Mauá,43360.96
Mauá da Serra,129.99
Maximiliano de Almeida,363.49
Maçambará,162.74
Medeiros,279.49
Medeiros Neto,660.24
Medianeira,2883.5299999999997
Medicilândia,8.99
Medina,592.69
Meleiro,210.8
Mendes,1240.75
Mendes Pimentel,372.69
Mendonça,380.27000000000004
Mercedes,213.9
Mercês,219.76
Meridiano,119.0
Meruoca,95.0
Mesquita,9191.92
Messias Targino,59.9
Miguel Calmon,616.64
Miguel Pereira,4056.9
Miguelópolis,1984.27
Milagres,836.54
Milhã,207.9
Mimoso de Goiás,159.9
Mimoso do Sul,687.37
Minas Novas,433.77
Minas do Leão,256.0
Minaçu,1561.6200000000001
Minduri,19.9
Mineiros,3379.3
Mineiros do Tietê,216.15
Ministro Andreazza,69.9
Mira Estrela,198.0
Miracatu,863.99
Miracema,1547.26
Miradouro,49.9
Miraguaí,169.97
Miranda,273.8
Miranda do Norte,120.0
Mirandiba,221.89
Mirandópolis,1274.99
Miranorte,635.9
Mirante da Serra,120.9
Mirante do Paranapanema,199.70000000000002
Mirassol,5850.89
Mirassol d'Oeste,1912.02
Miravânia,35.0
Miraí,841.8100000000001
Miraíma,254.0
Mirinzal,154.87
Missal,2490.76
Missão Velha,14.99
Mocajuba,59.9
Mococa,6020.97
Moeda,69.9
Moema,189.99
Mogi Guaçu,11629.82
Mogi Mirim,8923.77
Mogi das Cruzes,50295.68
Moju,242.88
Mojuí dos Campos,119.59
Mombaça,219.9
Mombuca,107.13999999999999
Mondaí,409.0
Mongaguá,5212.53
Monsenhor Paulo,53.99
Monsenhor Tabosa,329.8
Montadas,84.99
Montalvânia,352.2
Montanha,1586.54
Montanhas,325.0
Montauri,429.89
Monte Alegre,117.99
Monte Alegre de Minas,213.68
Monte Alegre de Sergipe,80.0
Monte Alegre do Sul,4181.79
Monte Alto,2534.91
Monte Aprazível,1127.71
Monte Azul,619.9
Monte Azul Paulista,2887.91
Monte Belo,1109.78
Monte Belo do Sul,79.98
Monte Carlo,309.5
Monte Carmelo,2869.14
Monte Castelo,169.5
Monte Formoso,72.99
Monte Mor,4517.2
Monte Santo,23.21
Monte Santo de Minas,869.28
Monte Sião,2530.28
Monteirópolis,159.9
Montenegro,4910.6
Montes Claros,25967.15
Montezuma,186.89000000000001
Montividiu do Norte,17.99
Monção,85.99
Monções,346.98
Morada Nova,1355.27
Morada Nova de Minas,658.89
Moreilândia,230.9
Moreira Sales,345.67
Moreno,763.5
Morpará,357.12
Morretes,587.98
Morrinhos,2397.59
Morro Agudo,1670.95
Morro Agudo de Goiás,32.9
Morro Grande,119.8
Morro Redondo,209.9
Morro Reuter,627.34
Morro da Fumaça,1676.0
Morro da Garça,199.0
Morro do Chapéu,557.57
Morro do Pilar,69.9
Morungaba,582.6899999999999
Mossoró,4635.47
Mossâmedes,49.99
Mostardas,1517.83
Motuca,158.9
Mozarlândia,806.4
Mucambo,119.9
Mucugê,256.99
Mucuri,2358.65
Mucurici,259.8
Mundo Novo,1102.99
Munhoz,384.66999999999996
Munhoz de Melo,953.89
Muniz Freire,405.89
Muqui,485.48
Muquém do São Francisco,61.32
Muriaé,11047.43
Murici,49.9
Muritiba,159.49
Murutinga do Sul,809.0
Mutum,1397.94
Mutunópolis,24.41
Mutuípe,448.78999999999996
Muzambinho,665.8
Mário Campos,618.64
Mãe d'Água,39.89
Mãe do Rio,148.89
Nacip Raydan,74.9
Nantes,79.0
Nanuque,2488.77
Narandiba,408.97999999999996
Natal,35751.38
Natividade,3144.27
Natividade da Serra,125.0
Natércia,39.9
Navegantes,6783.17
Naviraí,1910.88
Nazareno,161.8
Nazaré,419.84000000000003
Nazaré Paulista,815.64
Nazaré da Mata,99.99
Nazário,237.89000000000001
Nepomuceno,610.9399999999999
Nerópolis,1297.22
Neves Paulista,112.58
Neópolis,235.0
Nhandeara,595.26
Nilópolis,13127.18
Nipoã,337.8
Niquelândia,1577.6699999999998
Niterói,115890.26
Nobres,41.99
Nonoai,175.9
Nortelândia,174.9
Nossa Senhora da Glória,221.45000000000002
Nossa Senhora das Dores,559.0
Nossa Senhora das Graças,54.8
Nossa Senhora de Lourdes,79.99
Nossa Senhora do Socorro,2282.92
Nossa Senhora dos Remédios,131.9
Nova Alvorada,261.8
Nova Alvorada do Sul,380.85
Nova América,51.0
Nova América da Colina,58.99
Nova Andradina,2194.87
Nova Araçá,119.99
Nova Aurora,1065.8899999999999
Nova Bandeirantes,548.51
Nova Bassano,387.24
Nova Boa Vista,52.9
Nova Brasilândia D'Oeste,402.79999999999995
Nova Campina,156.5
Nova Canaã,156.9
Nova Canaã Paulista,109.89000000000001
Nova Canaã do Norte,149.77999999999997
Nova Cantu,199.9
Nova Crixás,153.4
Nova Cruz,462.88
Nova Era,2074.71
Nova Erechim,254.79
Nova Esperança,1579.78
Nova Esperança do Piriá,2199.0
Nova Esperança do Sudoeste,84.99
Nova Esperança do Sul,259.4
Nova Europa,634.44
Nova Floresta,129.6
Nova Friburgo,27345.1
Nova Fátima,398.69
Nova Granada,1790.33
Nova Guarita,25.0
Nova Guataporanga,75.0
Nova Hartz,618.88
Nova Iguaçu,58217.83
Nova Independência,23.9
Nova Ipixuna,328.0
Nova Itaberaba,308.89
Nova Lacerda,339.74
Nova Laranjeiras,208.1
Nova Lima,20815.15
Nova Londrina,743.53
Nova Luzitânia,22.9
Nova Mamoré,594.9
Nova Monte Verde,588.89
Nova Mutum,571.38
Nova Odessa,4352.71
Nova Olinda,1520.7
Nova Olinda do Maranhão,1546.4
Nova Olímpia,168.0
Nova Palma,428.9
Nova Petrópolis,459.89
Nova Ponte,1409.49
Nova Prata,1230.94
Nova Prata do Iguaçu,1049.78
Nova Pádua,69.9
Nova Redenção,19.9
Nova Resende,10.99
Nova Roma,49.99
Nova Roma do Sul,1106.99
Nova Russas,1504.94
Nova Santa Bárbara,113.0
Nova Santa Rita,968.76
Nova Santa Rosa,398.88
Nova Serrana,7447.26
Nova Soure,255.52
Nova Timboteua,99.9
Nova Trento,870.6
Nova Ubiratã,99.9
Nova Veneza,882.84
Nova Venécia,2439.9
Nova Viçosa,736.97
Nova Xavantina,3274.69
Novais,99.9
Novo Alegre,279.99
Novo Barreiro,197.59
Novo Brasil,85.9
Novo Cabrais,55.0
Novo Cruzeiro,864.78
Novo Gama,1777.05
Novo Hamburgo,17547.13
Novo Horizonte,2663.3
Novo Itacolomi,90.0
Novo Jardim,23.9
Novo Lino,79.9
Novo Machado,59.99
Novo Mundo,59.15
Novo Oriente,231.98000000000002
Novo Oriente do Piauí,152.01
Novo Planalto,27.99
Novo Progresso,2219.01
Novo Repartimento,155.0
Novo São Joaquim,292.6
Nuporanga,821.8
Não-Me-Toque,859.68
Ocara,109.88999999999999
Ocauçu,241.6
Oeiras,553.44
Oeiras do Pará,178.64999999999998
Oiapoque,385.0
Olaria,79.9
Olho d'Água,99.9
Olho d'Água das Cunhãs,312.99
Olho d'Água das Flores,254.48
Olinda,12690.08
Olindina,189.89000000000001
Oliveira,2699.0
Oliveira dos Brejinhos,138.9
Olímpia,5643.54
Onda Verde,69.81
Oriente,1017.2700000000001
Orindiúva,541.78
Oriximiná,241.8
Orizona,546.8100000000001
Orizânia,129.95
Orleans,1408.5900000000001
Orlândia,4027.32
Orobó,99.9
Orocó,294.9
Ortigueira,993.29
Orós,250.55
Osasco,80820.34
Oscar Bressane,301.8
Osvaldo Cruz,1786.46
Osório,6251.24
Otacílio Costa,913.29
Ouricuri,2246.86
Ourilândia do Norte,1710.0800000000002
Ourinhos,12543.03
Ourizona,143.8
Ouro,278.79
Ouro Branco,4419.23
Ouro Fino,2511.84
Ouro Preto,7699.44
Ouro Preto do Oeste,437.49
Ouro Verde,307.96999999999997
Ouro Verde de Goiás,82.9
Ouro Verde de Minas,80.78999999999999
Ouro Verde do Oeste,14.9
Ouroeste,1235.19
Ourém,31.9
Ouvidor,345.0
Pacaembu,1505.29
Pacajus,1262.59
Pacajá,2651.06
Pacatuba,4317.98
Pacoti,149.8
Pacujá,339.95000000000005
Padre Bernardo,195.7
Padre Carvalho,563.0
Padre Paraíso,59.9
Paial,139.99
Paineiras,161.88000000000002
Pains,298.33
Paiva,146.2
Paiçandu,943.16
Palestina,499.55
Palhano,99.0
Palhoça,10910.460000000001
Palma,415.89
Palma Sola,938.8
Palmares,1206.82
Palmares Paulista,59.9
Palmares do Sul,435.77
Palmas,19342.0
Palmeira,2640.2200000000003
Palmeira D'Oeste,49.9
Palmeira d'Oeste,319.18
Palmeira das Missões,1559.51
Palmeira dos Índios,1094.41
Palmeiras,174.95
Palmeiras de Goiás,334.8
Palmeirina,58.919999999999995
Palminópolis,199.0
Palmital,1939.16
Palmitinho,271.69
Palmitos,667.9
Palmópolis,89.99
Palotina,872.76
Panambi,3640.9900000000002
Pancas,159.94
Panelas,161.79000000000002
Panorama,404.39
Pantano Grande,297.79
Papagaios,269.67
Papanduva,669.41
Paracambi,6571.96
Paracatu,8376.42
Paracuru,550.89
Paragominas,2033.65
Paraguaçu,1452.85
Paraguaçu Paulista,2766.8
Paraibano,259.90999999999997
Paraibuna,1610.99
Paraipaba,558.97
Paraisópolis,2101.66
Parambu,141.86
Paramirim,407.67999999999995
Paranacity,178.15
Paranaguá,7407.45
Paranaiguara,236.89
Paranapanema,560.45
Paranapoema,89.99
Paranapuã,64.99000000000001
Paranatinga,2463.29
Paranavaí,7120.95
Paranaíba,1396.24
Paranaíta,1858.75
Paranhos,279.0
Paranã,108.88
Paraopeba,880.67
Parapuã,1178.4
Paraty,5560.47
Parauapebas,4575.28
Paraí,233.4
Paraíba do Sul,3353.46
Paraíso,850.6800000000001
Paraíso das Águas,34.99
Paraíso do Norte,187.82
Paraíso do Sul,28.99
Paraíso do Tocantins,1799.0400000000002
Paraúna,556.88
Pardinho,272.8
Pareci Novo,22.0
Parelhas,1233.8899999999999
Paripiranga,77.71000000000001
Paripueira,349.9
Pariquera-Açu,1765.1
Parisi,34.49
Parnamirim,9189.54
Parnarama,166.99
Parnaíba,3910.11
Parobé,1750.48
Pará de Minas,7162.08
Passa Quatro,1576.66
Passa Tempo,120.0
Passagem,1199.0
Passagem Franca,37.98
Passira,374.98
Passo Fundo,15163.71
Passo de Camaragibe,41.98
Passo de Torres,587.99
Passos,4247.28
Passos Maia,208.9
Pastos Bons,137.9
Patis,49.9
Pato Bragado,86.69999999999999
Pato Branco,9047.64
Patos,4036.65
Patos de Minas,16811.97
Patrocínio,6847.53
Patrocínio Paulista,1059.2
Patrocínio do Muriaé,94.8
Patu,144.49
Paty do Alferes,2840.66
Pau Brasil,239.2
Pau D'Arco,48.9
Pau dos Ferros,2745.5499999999997
Paudalho,878.9
Paula Cândido,129.0
Paula Freitas,474.9
Paulicéia,421.27
Paulista,6212.37
Paulistana,862.6700000000001
Paulistânia,99.0
Paulo Afonso,6492.59
Paulo Frontin,560.9
Paulo Jacinto,368.89
Paulo Lopes,238.99
Paulo de Faria,588.5799999999999
Paulínia,16475.05
Pavão,60.0
Paço do Lumiar,1415.27
Peabiru,675.39
Pederneiras,3007.0699999999997
Pedra,267.68
Pedra Azul,416.12
Pedra Bela,250.9
Pedra Branca,81.88
Pedra Lavrada,50.0
Pedra Preta,589.79
Pedra do Indaiá,72.99
Pedralva,743.97
Pedranópolis,59.9
Pedras Altas,89.9
Pedras de Fogo,159.99
Pedregulho,1039.4
Pedreira,2893.6
Pedreiras,1002.69
Pedrinhas Paulista,420.87
Pedrinópolis,481.01
Pedro Afonso,235.89000000000001
Pedro Canário,363.79
Pedro Gomes,113.0
Pedro II,74.9
Pedro Leopoldo,5057.01
Pedro Osório,692.4499999999999
Pedro Velho,61.99
Pedro de Toledo,733.22
Pedrão,325.0
Peixe,89.99
Peixoto de Azevedo,357.7
Pejuçara,699.65
Pelotas,22286.73
Penaforte,479.89
Pendências,326.5
Penedo,1329.77
Penha,2092.39
Pentecoste,239.8
Penápolis,4776.58
Pequi,169.99
Pequizeiro,219.99
Perdigão,284.5
Perdizes,1163.31
Perdões,603.88
Pereira Barreto,4044.82
Pereiras,54.99
Pereiro,285.89
Peri Mirim,34.99
Periquito,1526.0
Peritiba,106.9
Perobal,80.0
Peruíbe,6531.12
Pescador,29.9
Pesqueira,667.79
Petrolina,13759.1
Petrolândia,2110.34
Petrópolis,32247.68
Peçanha,794.8
Piacatu,51.19
Piancó,2200.0
Piatã,80.97999999999999
Piau,125.88999999999999
Piaçabuçu,228.9
Picada Café,32.0
Picos,3300.43
Picuí,107.99
Piedade,2523.87
Piedade de Caratinga,662.07
Piedade do Rio Grande,362.78
Piedade dos Gerais,392.88
Pilar,158.69
Pilar do Sul,1002.36
Pilão Arcado,279.87
Pimenta,233.99
Pimenta Bueno,1243.79
Pimenteiras,102.5
Pindamonhangaba,12480.28
Pindaré Mirim,481.9
Pindaí,134.8
Pindoba,432.0
Pindobaçu,169.9
Pindorama,368.9
Pindorama do Tocantins,99.66
Pindoretama,37.55
Pingo-d'Água,369.48
Pinhais,8682.82
Pinhal da Serra,19.9
Pinhalzinho,2117.28
Pinhalão,1894.94
Pinheiral,2165.19
Pinheiro,426.8
Pinheiro Machado,542.89
Pinheiros,1280.23
Pinhão,1340.28
Pintadas,449.79999999999995
Pio IX,149.99
Pio XII,479.99
Piquerobi,85.0
Piquete,771.09
Piracaia,2466.93
Piracanjuba,1893.26
Piracema,149.0
Piracicaba,49173.47
Piracuruca,235.9
Piraju,4659.09
Pirajuba,135.9
Pirajuí,1583.52
Pirambu,289.0
Piranga,316.19
Pirangi,1055.0900000000001
Piranguinho,1475.65
Piranhas,718.79
Pirapetinga,486.39
Pirapora,6803.07
Pirapora do Bom Jesus,2744.66
Pirapozinho,1319.3700000000001
Pirapó,75.27
Piraquara,1604.51
Pirassununga,8550.33
Piratini,69.9
Piratininga,1583.28
Piratuba,941.48
Piraí,3416.55
Piraí do Norte,29.49
Piraí do Sul,601.29
Piraúba,247.77
Pirenópolis,273.87
Pires Ferreira,18.95
Pires do Rio,3500.83
Piripiri,537.28
Piripá,71.99000000000001
Piritiba,387.79
Pirpirituba,1340.0
Pitanga,532.7
Pitangueiras,1377.52
Pitangui,2517.23
Pitimbu,388.9
Pium,20.0
Piumhi,3903.04
Piçarra,1014.5999999999999
Piên,330.4
Piúma,2216.18
Placas,220.29000000000002
Planaltina,849.84
Planaltina do Paraná,10.75
Planaltino,191.8
Planalto,807.68
Planura,102.16
Pocinhos,223.8
Pocrane,172.99
Pojuca,1481.09
Poloni,163.12
Pombal,1577.5
Pombos,105.0
Pomerode,1579.36
Pompéia,1907.08
Pompéu,1055.18
Pongaí,343.8
Ponta Grossa,18573.48
Ponta Porã,4075.41
Pontal,1097.3799999999999
Pontal do Paraná,1084.26
Pontalina,405.0
Pontalinda,60.8
Ponte Alta do Norte,39.99
Ponte Nova,6847.89
Ponte Serrada,423.9
Pontes Gestal,89.99
Pontes e Lacerda,1556.77
Ponto Belo,79.9
Ponto Novo,360.0
Ponto dos Volantes,41.4
Pontão,44.9
Populina,47.6
Porangaba,166.39
Porangatu,1828.15
Porciúncula,1103.8700000000001
Porecatu,735.42
Portalegre,408.8
Porteiras,16.55
Porteirinha,282.69
Portelândia,93.99000000000001
Porto Acre,74.9
Porto Alegre,182319.55
Porto Alegre do Norte,410.0
Porto Amazonas,58.79
Porto Belo,856.3199999999999
Porto Calvo,323.39
Porto Esperidião,234.8
Porto Estrela,129.9
Porto Feliz,2974.07
Porto Ferreira,1646.22
Porto Firme,153.60999999999999
Porto Franco,279.99
Porto Grande,29.99
Porto Lucena,59.89
Porto Murtinho,55.0
Porto Nacional,1577.68
Porto Real,1484.6
Porto Rico,299.0
Porto Seguro,11662.33
Porto União,3054.6400000000003
Porto Velho,21930.45
Porto Xavier,564.46
Porto de Pedras,179.9
Portão,772.15
Posse,3520.35
Potengi,245.89000000000001
Potim,249.8
Potiraguá,495.97
Potirendaba,707.32
Poté,506.9
Pouso Alegre,21181.45
Pouso Alto,276.0
Pouso Novo,54.9
Pouso Redondo,597.29
Poxoréu,128.57
Poá,9343.45
Poço Fundo,933.99
Poço Redondo,419.8
Poço Verde,447.79999999999995
Poços de Caldas,15620.68
Poção,299.99
Poção de Pedras,179.0
Poções,308.99
Prado,1090.79
Prados,204.79
Pradópolis,901.0
Praia Grande,38815.81
Praia Norte,79.0
Pranchita,158.67
Prata,1099.48
Pratápolis,49.99
Presidente Alves,112.61
Presidente Bernardes,466.86
Presidente Castello Branco,19.9
Presidente Dutra,2195.78
Presidente Epitácio,2572.52
Presidente Getúlio,654.1800000000001
Presidente Juscelino,249.99
Presidente Jânio Quadros,149.9
Presidente Kennedy,238.64999999999998
Presidente Kubitschek,115.42999999999999
Presidente Lucena,16.99
Presidente Médici,224.89000000000001
Presidente Nereu,52.99
Presidente Olegário,412.90999999999997
Presidente Prudente,25517.329999999998
Presidente Tancredo Neves,234.68
Presidente Venceslau,2940.19
Primavera,996.78
Primavera do Leste,6232.81
Primeiro de Maio,1216.67
Princesa Isabel,258.0
Progresso,215.0
Promissão,4189.85
Propriá,382.89
Protásio Alves,122.9
Prudente de Morais,139.0
Prudentópolis,839.09
Pugmil,114.9
Pureza,49.9
Putinga,144.8
Puxinanã,219.0
Pérola,272.74
Pérola d'Oeste,619.9
Quadra,443.9
Quaraí,2402.99
Quatiguá,251.7
Quatis,483.69
Quatro Barras,1763.66
Quatro Pontes,149.0
Quatá,3119.56
Quedas do Iguaçu,842.25
Queimadas,2257.35
Queimados,5841.85
Queiroz,45.0
Queluz,213.74
Querência,2302.62
Querência do Norte,79.9
Quevedos,90.9
Quijingue,228.08999999999997
Quilombo,174.78
Quinta do Sol,118.99000000000001
Quintana,353.0
Quipapá,230.0
Quirinópolis,1475.95
Quissamã,1513.97
Quitandinha,418.39
Quixabeira,216.94
Quixadá,2755.57
Quixelô,115.99
Quixeramobim,859.79
Quixeré,744.3
Rafard,556.4
Rancharia,2666.29
Rancho Alegre,89.9
Rancho Alegre D'Oeste,117.3
Rancho Queimado,312.89
Raposos,1009.52
Raul Soares,1115.51
Realeza,1264.26
Rebouças,361.27
Recife,85186.33
Recreio,264.98
Redentora,354.59000000000003
Redenção,2527.93
Redenção da Serra,89.9
Redenção do Gurguéia,179.8
Regeneração,790.97
Regente Feijó,971.9000000000001
Reginópolis,1552.99
Registro,5929.57
Remanso,369.69
Remígio,149.9
Renascença,279.6
Reriutaba,1093.32
Resende,13781.83
Resende Costa,224.79000000000002
Reserva,308.6
Reserva do Cabaçal,383.9
Reserva do Iguaçu,14.0
Resplendor,858.0600000000001
Ressaquinha,189.9
Restinga Sêca,254.69
Retirolândia,89.9
Riachinho,82.34
Riacho da Cruz,129.9
Riacho das Almas,203.9
Riacho de Santana,1194.7
Riacho de Santo Antônio,129.9
Riacho dos Machados,284.0
Riachuelo,39.97
Riachão das Neves,206.89000000000001
Riachão do Jacuípe,2502.4
Rianápolis,451.68
Ribas do Rio Pardo,47.9
Ribeira,209.28
Ribeira do Amparo,45.0
Ribeira do Pombal,618.19
Ribeirão,316.4
Ribeirão Bonito,727.29
Ribeirão Branco,452.99
Ribeirão Cascalheira,29.9
Ribeirão Claro,492.69
Ribeirão Pires,10149.63
Ribeirão Preto,67129.64
Ribeirão Vermelho,275.70000000000005
Ribeirão das Neves,12584.54
Ribeirão do Pinhal,328.0
Ribeirão do Sul,357.9
Ribeirãozinho,299.98
Ribeirópolis,65.0
Rifaina,552.8
Rincão,79.0
Rinópolis,104.89
Rio Acima,513.66
Rio Azul,383.70000000000005
Rio Bananal,225.26
Rio Bonito,4352.11
Rio Bonito do Iguaçu,462.8
Rio Branco,13936.23
Rio Branco do Sul,418.57
Rio Brilhante,1005.27
Rio Casca,317.43
Rio Claro,20108.41
Rio Doce,66.0
Rio Espera,149.9
Rio Formoso,215.6
Rio Fortuna,469.39
Rio Grande,16189.98
Rio Grande da Serra,2169.31
Rio Grande do Piauí,24.9
Rio Largo,562.71
Rio Manso,815.5600000000001
Rio Maria,352.88
Rio Negrinho,1121.19
Rio Negro,2105.87
Rio Novo,536.79
Rio Novo do Sul,531.68
Rio Paranaíba,680.27
Rio Pardo,687.88
Rio Pardo de Minas,597.69
Rio Piracicaba,512.75
Rio Pomba,1192.8600000000001
Rio Preto,161.68
Rio Real,386.0
Rio Rufino,59.0
Rio Tinto,439.9
Rio Verde,9558.41
Rio Vermelho,23.4
Rio das Antas,176.8
Rio das Flores,558.68
Rio das Ostras,18998.99
Rio das Pedras,1027.64
Rio de Contas,226.70000000000002
Rio de Janeiro,955573.97
Rio do Antônio,658.0
Rio do Campo,674.95
Rio do Oeste,364.89
Rio do Pires,597.8
Rio do Sul,4777.85
Rio dos Cedros,49.9
Rio dos Índios,79.9
Riolândia,398.79999999999995
Riqueza,248.9
Ritápolis,145.69
Riversul,89.9
Roca Sales,177.9
Rodeio,849.66
Rodeio Bonito,212.8
Rodeiro,409.4
Rodelas,404.9
Rodolfo Fernandes,99.89
Rolante,874.25
Rolim de Moura,465.04999999999995
Rolândia,5133.94
Romaria,264.9
Romelândia,159.99
Roncador,213.97000000000003
Ronda Alta,1544.3300000000002
Rondon,262.98
Rondon do Pará,2780.13
Rondonópolis,10644.04
Roque Gonzales,542.88
Rosana,236.6
Roseira,423.68
Rosário,28.12
Rosário do Ivaí,29.0
Rosário do Sul,933.25
Rubelita,57.89
Rubiataba,1034.0900000000001
Rubim,213.89
Rubinéia,100.0
Rubiácea,218.8
Russas,3843.8700000000003
Ruy Barbosa,662.96
Sabará,4551.77
Sabino,723.0
Sabinópolis,317.08000000000004
Saboeiro,163.99
Sabáudia,5.9
Sacramento,1986.57
Sales,356.52
Sales Oliveira,538.15
Salesópolis,1146.52
Salgado Filho,155.7
Salgueiro,2315.95
Salinas,4986.7699999999995
Salinas da Margarida,55.0
Salmourão,59.879999999999995
Saloá,1231.0
Saltinho,1164.79
Salto,10184.03
Salto Grande,640.0
Salto Veloso,418.8
Salto da Divisa,116.98
Salto de Pirapora,970.59
Salto do Céu,140.39000000000001
Salto do Itararé,259.9
Salto do Jacuí,196.36
Salto do Lontra,766.49
Salvador,173273.05
Salvador do Sul,179.0
Sambaíba,178.9
Sananduva,453.77
Sanclerlândia,419.79
Sandolândia,799.0
Sangão,264.78999999999996
Sanharó,1748.0
Sant'Ana do Livramento,4248.23
Santa Adélia,1799.6299999999999
Santa Albertina,686.39
Santa Amélia,160.0
Santa Branca,763.76
Santa Brígida,84.9
Santa Bárbara,4608.21
Santa Bárbara d'Oeste,13243.0
Santa Bárbara do Pará,179.96
Santa Bárbara do Sul,143.8
Santa Cecília,655.69
Santa Cecília do Pavão,56.99
Santa Clara d'Oeste,99.99
Santa Clara do Sul,339.99
Santa Cruz,786.64
Santa Cruz Cabrália,515.88
Santa Cruz da Conceição,408.9
Santa Cruz das Palmeiras,580.59
Santa Cruz de Goiás,709.0
Santa Cruz de Minas,578.89
Santa Cruz de Monte Castelo,706.22
Santa Cruz de Salinas,220.9
Santa Cruz do Capibaribe,2169.37
Santa Cruz do Piauí,119.99
Santa Cruz do Rio Pardo,2442.48
Santa Cruz do Sul,10628.88
Santa Ernestina,208.16
Santa Filomena,160.0
Santa Fé,877.8
Santa Fé de Goiás,1737.6899999999998
Santa Fé de Minas,159.9
Santa Fé do Sul,3945.77
Santa Gertrudes,1194.21
Santa Helena,1417.65
Santa Helena de Goiás,1499.73
Santa Helena de Minas,248.33999999999997
Santa Inês,1520.78
Santa Isabel,2785.66
Santa Isabel do Ivaí,425.9
Santa Izabel do Oeste,319.89
Santa Izabel do Pará,741.77
Santa Juliana,1723.3899999999999
Santa Leopoldina,89.9
Santa Luzia,11727.17
Santa Luzia do Norte,23.8
Santa Luzia do Paruá,79.9
Santa Lúcia,437.79
Santa Margarida,412.8
Santa Maria,31689.55
Santa Maria Madalena,1046.09
Santa Maria da Boa Vista,412.08
Santa Maria da Serra,143.64000000000001
Santa Maria da Vitória,1710.55
Santa Maria de Itabira,462.3
Santa Maria de Jetibá,1888.97
Santa Maria do Herval,99.99
Santa Maria do Pará,106.99
Santa Maria do Salto,38.0
Santa Maria do Suaçuí,454.9
Santa Mariana,311.25
Santa Mercedes,226.99
Santa Mônica,332.88
Santa Quitéria,849.67
Santa Quitéria do Maranhão,49.9
Santa Rita,1491.65
Santa Rita d'Oeste,178.57
Santa Rita de Caldas,746.28
Santa Rita de Ibitipoca,184.7
Santa Rita de Jacutinga,29.99
Santa Rita de Minas,367.67
Santa Rita do Araguaia,800.25
Santa Rita do Itueto,59.9
Santa Rita do Passa Quatro,2123.9700000000003
Santa Rita do Sapucaí,3910.7
Santa Rosa,2922.14
Santa Rosa de Lima,180.15
Santa Rosa de Viterbo,1658.42
Santa Rosa do Sul,199.0
Santa Salete,81.99
Santa Teresa,1305.35
Santa Teresinha,287.0
Santa Tereza do Oeste,364.9
Santa Terezinha,309.79999999999995
Santa Terezinha de Itaipu,328.94
Santa Vitória,4317.56
Santa Vitória do Palmar,1750.75
Santaluz,274.89
Santana,1522.93
Santana da Boa Vista,79.89
Santana da Vargem,269.95
Santana de Parnaíba,23029.75
Santana de Pirapama,49.9
Santana do Acaraú,1376.8899999999999
Santana do Araguaia,392.79999999999995
Santana do Cariri,839.8
Santana do Deserto,190.9
Santana do Ipanema,249.9
Santana do Itararé,53.9
Santana do Jacaré,1685.79
Santana do Manhuaçu,228.89000000000001
Santana do Mundaú,1052.8
Santana do Paraíso,2696.8199999999997
Santana do Seridó,779.7
Santana dos Montes,241.0
Santarém,5287.67
Santiago,2304.7000000000003
Santo Amaro,1805.93
Santo Amaro da Imperatriz,2972.31
Santo Amaro das Brotas,19.9
Santo Anastácio,1884.6
Santo André,89435.73
Santo Antônio,471.8
Santo Antônio da Alegria,206.79000000000002
Santo Antônio da Patrulha,5100.08
Santo Antônio da Platina,1140.6100000000001
Santo Antônio das Missões,393.89
Santo Antônio de Jesus,4296.86
Santo Antônio de Posse,5027.89
Santo Antônio de Pádua,5090.91
Santo Antônio do Amparo,376.71999999999997
Santo Antônio do Aracanguá,1099.0
Santo Antônio do Aventureiro,77.99
Santo Antônio do Caiuá,256.3
Santo Antônio do Descoberto,866.26
Santo Antônio do Grama,239.9
Santo Antônio do Itambé,225.06
Santo Antônio do Jacinto,406.59
Santo Antônio do Jardim,231.03
Santo Antônio do Leste,149.0
Santo Antônio do Leverger,97.0
Santo Antônio do Monte,1909.12
Santo Antônio do Palma,73.89
Santo Antônio do Pinhal,1128.9
Santo Antônio do Planalto,189.0
Santo Antônio do Rio Abaixo,6.0
Santo Antônio do Sudoeste,208.95
Santo Antônio do Tauá,32.9
Santo Augusto,1115.08
Santo Cristo,609.45
Santo Estêvão,979.81
Santo Expedito,280.0
Santo Expedito do Sul,209.99
Santo Hipólito,104.4
Santo Inácio,65.9
Santo Ângelo,5333.46
Santos,98349.4
Santos Dumont,2252.29
Sapeaçu,246.79000000000002
Sapezal,964.82
Sapiranga,3375.7
Sapopema,154.98000000000002
Sapucaia,900.53
Sapucaia do Sul,5397.84
Sapucaí-Mirim,569.79
Sapé,1959.99
Saquarema,4591.95
Sarandi,1912.32
Sarapuí,248.88
Sardoá,119.9
Sarutaiá,59.9
Sarzedo,987.9300000000001
Satuba,333.73
Satubinha,138.79
Saubara,179.9
Saudade do Iguaçu,263.79
Saudades,305.84
Saúde,119.4
Schroeder,1168.69
Seabra,982.5
Seara,582.87
Sebastião Leal,24.99
Seberi,130.39000000000001
Segredo,29.939999999999998
Selbach,49.9
Senador Amaral,179.46
Senador Canedo,1375.57
Senador Cortes,298.0
Senador Firmino,138.57
Senador Guiomard,409.98
Senador José Porfírio,6.0
Senador La Rocque,90.0
Senador Modestino Gonçalves,119.32
Senador Pompeu,585.94
Senador Salgado Filho,83.8
Sengés,487.39
Senhor do Bonfim,2387.38
Senhora de Oliveira,116.9
Senhora dos Remédios,29.99
Sento Sé,53.99
Serafina Corrêa,813.66
Sericita,216.32
Seringueiras,395.99
Seropédica,4391.15
Serra,35184.07
Serra Azul,72.5
Serra Azul de Minas,344.99
Serra Branca,84.9
Serra Dourada,197.14
Serra Negra,3202.53
Serra Talhada,2053.18
Serra de São Bento,236.9
Serra do Ramalho,317.09000000000003
Serra do Salitre,49.99
Serra dos Aimorés,351.82
Serrana,917.9
Serrania,345.89
Serranópolis,1002.88
Serranópolis de Minas,119.9
Serranópolis do Iguaçu,274.89
Serrinha,1889.1399999999999
Serrita,428.9
Serro,1006.89
Serrolândia,325.0
Sertanópolis,918.8
Sertânia,343.29
Sertão,309.49
Sertão Santana,20.9
Sertãozinho,6724.2300000000005
Sete Barras,229.69
Sete Lagoas,17263.35
Sete de Setembro,54.9
Setubinha,265.89
Severiano Melo,120.0
Severínia,466.13
Siderópolis,299.70000000000005
Sidrolândia,1557.76
Silva Jardim,567.5899999999999
Silvanópolis,229.99
Silveira Martins,119.8
Silveiras,406.50000000000006
Silvianópolis,132.5
Silvânia,1208.79
Simolândia,138.99
Simonésia,1295.88
Simplício Mendes,16.6
Simão Dias,828.48
Simão Pereira,149.0
Simões Filho,4671.48
Sinimbu,81.78
Sinop,6164.65
Siqueira Campos,1478.08
Sirinhaém,571.88
Sobradinho,1015.59
Sobral,10704.34
Sobrália,24.9
Socorro,2319.45
Soledade,827.69
Soledade de Minas,309.94
Solonópole,729.89
Solânea,440.0
Sombrio,1175.92
Sonora,57.98
Sooretama,317.35999999999996
Sorocaba,74638.18
Sorriso,3342.75
Sousa,1042.59
Sucupira do Norte,319.9
Sud Mennucci,427.86
Sulina,29.9
Sumaré,21274.11
Sumidouro,1060.68
Sumé,248.89
Surubim,546.87
Suzano,24549.9
Suzanápolis,76.9
Sátiro Dias,24.5
São Benedito,841.83
São Benedito do Rio Preto,95.0
São Benedito do Sul,39.99
São Bentinho,35.0
São Bento,1148.89
São Bento Abade,16.0
São Bento do Sapucaí,630.54
São Bento do Sul,4869.9
São Bento do Una,1328.3899999999999
São Bernardino,189.9
São Bernardo,706.79
São Bernardo do Campo,102514.23
São Bonifácio,101.0
São Borja,2124.74
São Brás,29.9
São Brás do Suaçuí,95.99000000000001
São Caetano do Sul,32159.8
São Carlos,30011.49
São Carlos do Ivaí,93.0
São Cristóvão,618.69
São Cristóvão do Sul,118.99
São Desidério,125.0
São Domingos,489.14
São Domingos das Dores,59.9
São Domingos do Araguaia,227.0
São Domingos do Maranhão,127.88999999999999
São Domingos do Norte,874.4000000000001
São Domingos do Prata,337.89
São Felipe,747.9
São Fidélis,2052.24
São Francisco,2338.39
São Francisco de Assis,109.89
São Francisco de Itabapoana,1497.76
São Francisco de Paula,599.6800000000001
São Francisco do Brejão,31.9
São Francisco do Conde,276.8
São Francisco do Glória,69.9
São Francisco do Guaporé,284.9
São Francisco do Sul,1549.08
São Félix,27.9
São Félix de Minas,388.9
São Félix do Araguaia,98.8
São Félix do Coribe,226.0
São Félix do Xingu,1382.7
São Gabriel,2362.85
São Gabriel da Palha,1406.8000000000002
São Gabriel do Oeste,526.72
São Geraldo,423.78
São Geraldo da Piedade,139.8
São Gonçalo,50833.27
São Gonçalo do Abaeté,177.99
São Gonçalo do Amarante,1454.55
São Gonçalo do Pará,734.9
São Gonçalo do Rio Abaixo,802.2
São Gonçalo do Rio Preto,328.19
São Gonçalo do Sapucaí,1202.5
São Gotardo,2479.38
São Jerônimo,569.75
São Joaquim,1118.98
São Joaquim da Barra,4302.49
São Joaquim de Bicas,1663.28
São Joaquim do Monte,79.0
São Jorge,63.99
São Jorge D'Oeste,34.9
São Jorge d'Oeste,89.9
São Jorge do Ivaí,352.52
São Jorge do Patrocínio,89.9
São José,20251.46
São José da Barra,987.14
São José da Bela Vista,310.84000000000003
São José da Boa Vista,118.99
São José da Coroa Grande,218.9
São José da Laje,219.9
São José da Lapa,1086.58
São José da Tapera,109.9
São José da Vitória,175.65
São José de Mipibu,821.69
São José de Ribamar,1444.82
São José de Ubá,478.89
São José do Barreiro,207.59
São José do Belmonte,228.9
São José do Calçado,970.18
São José do Campestre,289.0
São José do Cedro,486.59000000000003
São José do Cerrito,278.89
São José do Divino,727.0
São José do Egito,444.70000000000005
São José do Goiabal,202.9
São José do Hortêncio,322.89
São José do Inhacorá,77.99
São José do Norte,548.5
São José do Ouro,411.38000000000005
São José do Piauí,149.9
São José do Rio Claro,298.0
São José do Rio Pardo,5106.24
São José do Rio Preto,46669.73
São José do Seridó,149.9
São José do Vale do Rio Preto,1192.21
São José do Xingu,49.3
São José dos Campos,75425.31
São José dos Cordeiros,180.0
São José dos Pinhais,14899.05
São José dos Quatro Marcos,226.99
São João,1299.09
São João Batista,1788.22
São João Batista do Glória,359.6
São João Evangelista,1180.06
São João Nepomuceno,2594.0
São João d'Aliança,743.53
São João da Barra,2115.54
São João da Boa Vista,11627.81
São João da Mata,174.78
São João da Paraúna,159.99
São João da Ponte,461.84
São João da Urtiga,139.9
São João das Missões,119.99
São João de Iracema,168.38
São João de Meriti,17777.56
São João de Pirabas,228.89
São João del Rei,8168.070000000001
São João do Ivaí,193.9
São João do Manhuaçu,154.8
São João do Manteninha,474.89
São João do Oriente,279.9
São João do Paraíso,596.53
São João do Piauí,1541.8000000000002
São João do Sabugi,26.9
São João do Sul,861.0
São João do Triunfo,163.82
São João dos Patos,1333.08
São Leopoldo,11037.67
São Lourenço,4207.99
São Lourenço da Mata,1190.96
São Lourenço da Serra,1151.95
São Lourenço do Oeste,781.38
São Lourenço do Piauí,152.49
São Lourenço do Sul,2135.38
São Ludgero,673.3199999999999
São Luiz Gonzaga,3298.0099999999998
São Luiz do Norte,129.99
São Luiz do Paraitinga,882.49
São Luís,50141.82
São Luís de Montes Belos,1196.3700000000001
São Luís do Curu,173.9
São Luís do Quitunde,239.3
São Mamede,86.0
São Manuel,3278.69
São Marcos,816.42
São Martinho,756.99
São Mateus,6569.97
São Mateus do Maranhão,710.2
São Mateus do Sul,1933.95
São Miguel,846.86
São Miguel Arcanjo,1311.09
São Miguel das Matas,169.94
São Miguel do Aleixo,20.0
São Miguel do Anta,173.59
São Miguel do Araguaia,1321.15
São Miguel do Gostoso,398.9
São Miguel do Guamá,1240.79
São Miguel do Guaporé,399.44
São Miguel do Iguaçu,1079.3
São Miguel do Oeste,6095.82
São Miguel do Tapuio,465.0
São Miguel dos Campos,813.36
São Nicolau,122.99
São Patrício,158.7
São Paulo,1859556.83
São Paulo das Missões,404.87
São Paulo do Potengi,229.9
São Pedro,3683.54
São Pedro da Aldeia,4672.43
São Pedro da União,286.89
São Pedro da Água Branca,309.9
São Pedro de Alcântara,263.0
São Pedro do Butiá,99.9
São Pedro do Iguaçu,117.3
São Pedro do Ivaí,424.74
São Pedro do Sul,98.7
São Pedro do Turvo,88.9
São Pedro dos Ferros,763.79
São Rafael,19.9
São Raimundo Nonato,2145.39
São Romão,388.49
São Roque,9433.18
São Roque de Minas,169.89
São Roque do Canaã,348.0
São Sebastião,9833.44
São Sebastião da Amoreira,45.0
São Sebastião da Boa Vista,198.9
São Sebastião da Grama,1024.79
São Sebastião do Alto,556.0799999999999
São Sebastião do Caí,1588.84
São Sebastião do Maranhão,206.79
São Sebastião do Paraíso,4800.05
São Sebastião do Passé,399.89
São Sebastião do Rio Verde,278.0
São Sepé,544.35
São Simão,1536.59
São Tiago,499.27
São Tomás de Aquino,309.8
São Tomé,262.06
São Tomé das Letras,52.8
São Valentim,557.89
São Vendelino,155.98000000000002
São Vicente,19234.08
São Vicente Ferrer,39.99
São Vicente Férrer,375.89
Sério,22.9
Sítio Novo,174.89000000000001
Sítio Novo do Tocantins,314.9
Sítio do Quinto,97.89
Tabaporã,214.9
Tabapuã,1322.96
Tabatinga,389.69
Tabira,986.88
Tabocas do Brejo Velho,139.88
Taboão da Serra,34740.69
Tabuleiro,324.89
Tabuleiro do Norte,44.99
Tacaratu,204.89000000000001
Taciba,348.98
Tacuru,120.0
Taguatinga,784.89
Taguaí,707.34
Taiaçu,60.5
Tailândia,2113.18
Taiobeiras,2684.71
Taió,4366.23
Taiúva,881.54
Tamandaré,49.0
Tamarana,103.9
Tambaú,1513.43
Tamboara,8.99
Tamboril,352.9
Tanabi,1404.39
Tangará,354.9
Tangará da Serra,3905.7
Tanguá,504.88
Tanhaçu,528.78
Tanque Novo,329.59
Tanque d'Arca,578.0
Taparuba,89.0
Tapejara,1521.03
Tapera,61.8
Tapes,797.3499999999999
Tapiramutá,1298.99
Tapiratiba,2601.2200000000003
Tapiraí,108.65
Tapurah,125.0
Taquara,4427.54
Taquarana,146.99
Taquaraçu de Minas,358.0
Taquari,1619.28
Taquaritinga,4894.02
Taquaritinga do Norte,2064.91
Taquarituba,2418.62
Taquarivaí,674.89
Taquaruçu do Sul,70.0
Tarabai,982.35
Tarumirim,775.49
Tarumã,997.72
Tatuí,11281.03
Taubaté,28887.1
Tauá,933.13
Tavares,176.99
Teixeira,34.9
Teixeira Soares,545.69
Teixeira de Freitas,3386.18
Teixeiras,483.58
Tejupá,335.18
Telha,212.4
Telêmaco Borba,4693.49
Tenente Ananias,229.9
Tenente Portela,482.79
Teodoro Sampaio,1324.67
Teofilândia,183.88
Teolândia,167.8
Teotônio Vilela,2043.88
Terenos,62.89
Teresina,49028.57
Teresina de Goiás,79.0
Teresópolis,17115.29
Terezinha,39.99
Terra Boa,683.79
Terra Nova,209.99
Terra Nova do Norte,408.8
Terra Rica,783.6700000000001
Terra Roxa,726.97
Terra de Areia,1137.29
Teutônia,1493.6000000000001
Teófilo Otoni,7744.23
Tianguá,2377.09
Tibagi,293.77
Tibau do Sul,99.99
Tietê,4111.22
Tijucas,3504.74
Timbaúba,567.67
Timburi,343.3
Timbé do Sul,212.79000000000002
Timbó,3957.67
Timon,1123.72
Timóteo,7697.87
Tiradentes,510.86
Tiradentes do Sul,46.86
Tiros,175.89
Tobias Barreto,209.99
Tocantins,681.38
Tocantinópolis,731.65
Tocos do Moji,55.0
Toledo,10139.11
Tomar do Geru,228.79000000000002
Tomazina,348.8
Tombos,344.79
Tomé-Açu,1511.98
Toritama,1072.79
Toropi,1529.9
Torres,1416.23
Torrinha,422.67
Trabiju,259.99
Tracuateua,13.98
Tracunhaém,659.0
Traipu,42.99
Trairi,457.0
Trajano de Moraes,775.1800000000001
Tramandaí,2703.52
Travesseiro,16.6
Tremembé,4876.03
Treviso,118.9
Treze Tílias,885.6600000000001
Trindade,7510.37
Trindade do Sul,3266.99
Triunfo,2303.03
Trombas,16.97
Trombudo Central,182.89
Três Arroios,170.27
Três Barras,297.34000000000003
Três Cachoeiras,646.27
Três Corações,4493.83
Três Coroas,774.37
Três Forquilhas,82.8
Três Fronteiras,350.39
Três Lagoas,7431.320000000001
Três Marias,1039.44
Três Passos,1320.21
Três Pontas,2228.21
Três Rios,7204.62
Três de Maio,1969.05
Tubarão,10606.130000000001
Tucano,1118.69
Tucumã,404.25
Tucunduva,374.99
Tucuruí,5541.48
Tuiuti,49.0
Tumiritinga,459.0
Tunas do Paraná,198.9
Tunápolis,315.39
Tupaciguara,1331.21
Tupanciretã,378.77000000000004
Tupandi,285.99
Tuparendi,183.49
Tuparetama,309.8
Tupi Paulista,459.40999999999997
Tupã,6483.03
Tupãssi,19.9
Turmalina,1121.69
Tururu,189.0
Turvelândia,27.3
Turvo,306.99
Turvolândia,143.9
Turvânia,83.7
Tutóia,449.89
Uauá,393.98
Ubaitaba,517.23
Ubajara,1178.9
Ubaporanga,288.78000000000003
Ubatuba,8195.93
Ubatã,144.0
Ubaí,43.5
Ubaíra,704.79
Uberaba,27338.65
Uberlândia,47595.46
Ubirajara,79.9
Ubiratã,582.1800000000001
Ubá,6369.76
Uchoa,582.64
Uibaí,549.98
Uiraúna,199.9
Ulianópolis,27.3
Umbaúba,178.9
Umburanas,99.9
Umburatiba,109.99
Umuarama,5835.52
Una,437.88
Unaí,6825.39
Unistalda,37.9
União,329.0
União da Serra,18.5
União da Vitória,5081.929999999999
União de Minas,87.09
União do Oeste,24.99
União do Sul,220.7
União dos Palmares,259.99
Upanema,1343.6
Urandi,707.94
Uraí,283.9
Urbano Santos,501.79
Uruana,1142.29
Uruana de Minas,17.9
Uruará,962.4
Uruaçu,1750.02
Urubici,305.69
Uruburetama,58.99
Urucuia,149.99
Urucurituba,169.8
Urucânia,149.0
Uruguaiana,4414.06
Uruoca,219.70000000000002
Urupá,253.57
Urupês,1150.14
Urussanga,893.6800000000001
Urutaí,133.48000000000002
Uruçuca,195.9
Uruçuí,638.97
Urânia,885.72
Utinga,323.89
Vacaria,2294.08
Vale Real,210.53
Vale do Sol,21.99
Valente,3209.58
Valentim Gentil,372.03000000000003
Valença,11946.53
Valença do Piauí,1043.0
Valinhos,22101.75
Valparaíso,506.92
Valparaíso de Goiás,5437.85
Vanini,89.0
Vargem,78.8
Vargem Alegre,74.99
Vargem Alta,413.38
Vargem Bonita,710.59
Vargem Grande,79.9
Vargem Grande Paulista,4634.55
Vargem Grande do Rio Pardo,270.0
Vargem Grande do Sul,778.7
Vargeão,499.9
Varginha,13933.1
Varjota,748.97
Varjão de Minas,105.8
Varre-Sai,918.9
Varzedo,39.9
Varzelândia,98.89
Vassouras,4481.9
Vazante,1549.63
Venda Nova do Imigrante,2647.83
Ventania,166.76999999999998
Venturosa,1228.9
Venâncio Aires,2764.62
Vera,262.79
Vera Cruz,2797.66
Vera Cruz do Oeste,431.56
Veranópolis,2394.04
Vereda,309.4
Vermelho Novo,33.87
Vertentes,23.99
Verê,598.39
Veríssimo,294.12
Vespasiano,5953.69
Vespasiano Corrêa,144.99
Viamão,6732.11
Viana,3994.79
Vianópolis,529.6700000000001
Vicente Dutra,12.99
Vicentina,189.9
Vicentinópolis,384.79999999999995
Victor Graeff,142.8
Vicência,268.0
Videira,7822.35
Vieiras,325.0
Vigia,158.8
Vila Bela da Santíssima Trindade,29.99
Vila Flor,99.73
Vila Flores,289.89
Vila Lângaro,140.64
Vila Nova do Sul,84.99
Vila Rica,221.82
Vila Valério,1369.4
Vila Velha,46895.83
Vilhena,1973.95
Vinhedo,8895.12
Viradouro,2081.54
Virgem da Lapa,737.9
Virginópolis,614.64
Virgolândia,380.0
Virgínia,35.9
Visconde do Rio Branco,1557.3400000000001
Viseu,301.0
Vista Alegre,22.0
Vista Alegre do Alto,272.99
Vitorino,138.99
Vitorino Freire,1588.0
Vitória,52067.59
Vitória da Conquista,16234.2
Vitória das Missões,33.8
Vitória de Santo Antão,2455.15
Vitória do Jari,85.95
Vitória do Mearim,14.0
Viçosa,16125.15
Viçosa do Ceará,18.95
Volta Grande,308.38
Volta Redonda,33329.1
Votorantim,10757.470000000001
Votuporanga,8372.9
Várzea,98.99
Várzea Alegre,140.29
Várzea Grande,6642.85
Várzea Nova,86.0
Várzea Paulista,10281.380000000001
Várzea da Palma,2171.77
Várzea do Poço,56.99
Wagner,119.9
Wanderley,288.98
Wenceslau Braz,188.0
Wenceslau Guimarães,110.0
Witmarsum,147.79
Xambioá,333.67999999999995
Xambrê,511.0
Xangri-Lá,59.9
Xangri-lá,1013.58
Xanxerê,4175.87
Xapuri,288.93
Xavantina,176.02
Xaxim,1718.58
Xexéu,87.5
Xinguara,1282.22
Xique-Xique,179.79000000000002
Zacarias,198.8
Zortéa,99.80000000000001
Zé Doca,688.5999999999999
Água Boa,2758.87
Água Branca,401.69
Água Clara,219.89000000000001
Água Comprida,106.9
Água Doce,289.98
Água Doce do Norte,485.38
Água Fria de Goiás,152.0
Água Limpa,388.0
Água Nova,42.0
Água Preta,129.99
Água Santa,163.9
Águas Belas,769.87
Águas Formosas,1341.7
Águas Frias,290.0
Águas Lindas de Goiás,2219.91
Águas Mornas,89.15
Águas Vermelhas,574.58
Águas da Prata,1028.28
Águas de Lindóia,3092.59
Águas de Santa Bárbara,154.9
Águas de São Pedro,274.99
Águia Branca,12.9
Álvares Florence,185.76
Álvares Machado,4022.57
Álvaro de Carvalho,358.0
Áurea,409.5
Ângulo,294.7
Érico Cardoso,8.09
Óleo,59.9
