customer_city,num_clients
Abadia dos Dourados,3
Abadiânia,1
Abaetetuba,11
Abaeté,12
Abaiara,2
Abaré,2
Abatiá,3
Abaíra,2
Abdon Batista,1
Abelardo Luz,6
Abre Campo,6
Abreu e Lima,9
Acaiaca,2
Acajutiba,1
Acaraú,6
Acari,1
Aceguá,2
Acopiara,7
Acreúna,7
Adamantina,35
Adolfo,5
Adrianópolis,1
Adustina,1
Afogados da Ingazeira,8
Afonso Cláudio,11
Afrânio,2
Agrestina,1
Agrolândia,1
Agronômica,2
Aguaí,10
Agudo,1
Agudos,16
Aimorés,10
Aiuaba,1
Aiuruoca,4
Ajuricaba,2
Alagoa,1
Alagoa Grande,1
Alagoa Nova,1
Alagoinha,2
Alagoinhas,39
Alambari,3
Alcinópolis,4
Alcobaça,4
Alcântara,1
Alegre,19
Alegrete,34
Alegrete do Piauí,1
Alegria,1
Alexandria,4
Alexânia,5
Alfenas,42
Alfredo Chaves,6
Alfredo Marcondes,1
Alfredo Vasconcelos,3
Alfredo Wagner,2
Alhandra,2
Aliança,1
Aliança do Tocantins,2
Almas,1
Almenara,14
Almino Afonso,1
Almirante Tamandaré,34
Almirante Tamandaré do Sul,1
Alpercata,2
Alpestre,1
Alpinópolis,6
Alta Floresta,10
Alta Floresta D'Oeste,3
Altamira,25
Altamira do Paraná,2
Altaneira,2
Alterosa,3
Altinho,2
Altinópolis,4
Alto Alegre,3
Alto Alegre do Maranhão,1
Alto Alegre do Pindaré,1
Alto Araguaia,5
Alto Bela Vista,1
Alto Boa Vista,3
Alto Caparaó,2
Alto Garças,2
Alto Horizonte,2
Alto Jequitibá,4
Alto Paraná,2
Alto Paraíso,2
Alto Paraíso de Goiás,9
Alto Parnaíba,5
Alto Piquiri,1
Alto Rio Doce,4
Alto Rio Novo,2
Alto Santo,3
Alto Taquari,3
Alto do Rodrigues,7
Altos,5
Altônia,3
Alumínio,13
Alvarenga,2
Alvinópolis,12
Alvorada,55
Alvorada D'Oeste,1
Alvorada do Gurguéia,1
Alvorada do Norte,2
Além Paraíba,30
Amambai,6
Amaporã,2
Amapá do Maranhão,1
Amaraji,2
Amarante,1
Amargosa,1
Americana,220
Americano do Brasil,3
Ametista do Sul,2
Amontada,1
Amparo,61
Amparo da Serra,1
Ampére,7
Amélia Rodrigues,3
América Dourada,1
Américo Brasiliense,15
Américo de Campos,1
Anadia,2
Anagé,1
Analândia,4
Ananindeua,85
Ananás,1
Anastácio,2
Anaurilândia,1
Anchieta,15
Andaraí,1
Andirá,9
Andorinha,5
Andradas,11
Andradina,41
Andrelândia,3
André da Rocha,1
Angatuba,8
Angelina,1
Angical,1
Angical do Piauí,1
Angicos,1
Angra dos Reis,82
Anguera,1
Angélica,1
Anhembi,1
Anhumas,1
Anicuns,8
Anita Garibaldi,5
Anitápolis,2
Anta Gorda,4
Antonina,10
Antonina do Norte,1
Antônio Cardoso,2
Antônio Carlos,3
Antônio Gonçalves,1
Antônio Martins,1
Antônio Prado,4
Antônio Prado de Minas,3
Anápolis,110
Aparecida,23
Aparecida d'Oeste,1
Aparecida de Goiânia,104
Aparecida do Rio Negro,1
Aparecida do Taboado,7
Aperibé,13
Apiacá,6
Apiacás,1
Apiaí,6
Apiúna,6
Apodi,3
Aporá,2
Aporé,1
Apuarema,1
Apucarana,51
Apuiarés,2
Aquidabã,1
Aquidauana,4
Aquiraz,2
Aracaju,220
Aracati,22
Aracatu,1
Araci,3
Aracitaba,2
Aracruz,39
Aragarças,3
Aragoiânia,1
Araguanã,1
Araguapaz,2
Araguari,53
Araguatins,4
Araguaçu,1
Araguaína,41
Aramari,1
Arame,1
Aramina,1
Arandu,4
Arantina,1
Arapeí,2
Arapiraca,28
Arapoema,1
Araponga,3
Arapongas,34
Araporã,5
Arapoti,9
Araputanga,4
Arapuã,1
Araquari,11
Arara,1
Araranguá,18
Araraquara,150
Araras,89
Arari,2
Araricá,2
Araripe,2
Araripina,12
Araruama,75
Araruna,5
Arataca,1
Aratiba,1
Aratuba,2
Araucária,52
Araxá,78
Araçariguama,9
Araçatuba,136
Araçoiaba,5
Araçoiaba da Serra,11
Araçuaí,9
Araújos,5
Arceburgo,7
Arcos,24
Arcoverde,5
Areado,7
Areal,7
Arealva,4
Areia,2
Areia Branca,3
Areial,1
Areias,3
Areiópolis,3
Arenápolis,2
Arenópolis,1
Arinos,8
Aripuanã,8
Ariquemes,12
Ariranha,5
Armazém,2
Armação dos Búzios,27
Arneiroz,2
Aroeiras,1
Arraial do Cabo,25
Arraias,2
Arroio Grande,3
Arroio Trinta,1
Arroio do Meio,9
Arroio do Sal,5
Arroio do Tigre,2
Arroio dos Ratos,8
Artur Nogueira,42
Aruanã,1
Arujá,66
Arvoredo,1
Arvorezinha,3
Ascurra,4
Assaré,1
Assaí,6
Assis,79
Assis Chateaubriand,12
Assunção,1
Astolfo Dutra,8
Astorga,6
Atalaia,1
Atalanta,1
Ataléia,3
Atibaia,154
Atílio Vivácqua,1
Augustinópolis,1
Augusto Corrêa,3
Augusto Pestana,2
Auriflama,10
Aurilândia,1
Aurora,5
Aurora do Pará,1
Avanhandava,7
Avaré,63
Avaí,1
Avelino Lopes,2
Açailândia,7
Açu,3
Açucena,1
Bacabal,11
Bacuri,2
Bady Bassitt,7
Baependi,8
Bagé,64
Baianópolis,2
Baixa Grande,1
Baixa Grande do Ribeiro,1
Baixo Guandu,9
Balbinos,1
Baldim,2
Balneário Arroio do Silva,4
Balneário Barra do Sul,4
Balneário Camboriú,98
Balneário Gaivota,3
Balneário Pinhal,7
Balneário Piçarras,11
Balneário Rincão,3
Balsa Nova,1
Balsas,16
Bambuí,18
Banabuiú,1
Bananal,6
Bananeiras,5
Bandeira,3
Bandeira do Sul,2
Bandeirantes,14
Bandeirantes do Tocantins,2
Banzaê,1
Baraúna,1
Barbacena,74
Barbalha,6
Barbosa Ferraz,2
Barcarena,11
Bariri,15
Barra,2
Barra Bonita,27
Barra Longa,1
Barra Mansa,120
Barra Velha,16
Barra da Estiva,6
Barra de Guabiraba,2
Barra de Santa Rosa,2
Barra de Santo Antônio,2
Barra de São Francisco,9
Barra de São Miguel,2
Barra do Bugres,3
Barra do Choça,3
Barra do Corda,7
Barra do Garças,24
Barra do Jacaré,1
Barra do Mendes,3
Barra do Piraí,63
Barra do Ribeiro,5
Barra do Rio Azul,1
Barra do Turvo,3
Barra dos Coqueiros,3
Barracão,3
Barras,3
Barreira,1
Barreiras,51
Barreirinhas,4
Barreiros,6
Barretos,72
Barrinha,17
Barro,4
Barro Alto,3
Barro Preto,1
Barrocas,1
Barrolândia,2
Barros Cassal,3
Barroso,11
Barueri,419
Barão,1
Barão de Cocais,19
Barão de Cotegipe,1
Barão de Monte Alto,1
Barão do Triunfo,1
Bastos,15
Bataguassu,5
Batalha,3
Batatais,26
Batayporã,3
Baturité,3
Bauru,267
Bayeux,7
Bebedouro,50
Beberibe,3
Bela Cruz,4
Bela Vista,3
Bela Vista de Goiás,7
Bela Vista de Minas,1
Bela Vista do Maranhão,1
Bela Vista do Paraíso,3
Belford Roxo,109
Belmonte,2
Belo Campo,3
Belo Horizonte,2672
Belo Jardim,12
Belo Oriente,7
Belo Vale,3
Belém,435
Belém do São Francisco,2
Benedito Leite,1
Benedito Novo,6
Benevides,2
Bento Gonçalves,54
Bento de Abreu,2
Bequimão,1
Berilo,1
Berizal,1
Bernardino de Campos,4
Bertioga,47
Bertolínia,1
Bertópolis,1
Betim,201
Bezerros,11
Bias Fortes,2
Bicas,6
Biguaçu,25
Bilac,8
Birigui,76
Biritiba-Mirim,10
Biritinga,1
Bituruna,5
Blumenau,183
Boa Esperança,18
Boa Esperança do Iguaçu,1
Boa Esperança do Sul,11
Boa Ventura,1
Boa Viagem,3
Boa Vista,44
Boa Vista da Aparecida,4
Boa Vista das Missões,1
Boa Vista do Buricá,1
Boa Vista do Cadeado,1
Boa Vista do Gurupi,2
Boa Vista do Sul,1
Boca da Mata,2
Bocaina,6
Bocaiúva,12
Bocaiúva do Sul,2
Bodocó,2
Bodoquena,1
Bodó,1
Bofete,6
Boituva,48
Bom Conselho,7
Bom Despacho,39
Bom Jardim,18
Bom Jardim de Goiás,1
Bom Jardim de Minas,8
Bom Jesus,13
Bom Jesus da Lapa,9
Bom Jesus da Penha,1
Bom Jesus da Serra,2
Bom Jesus das Selvas,2
Bom Jesus do Amparo,1
Bom Jesus do Araguaia,1
Bom Jesus do Galho,4
Bom Jesus do Itabapoana,21
Bom Jesus do Norte,4
Bom Jesus do Sul,1
Bom Jesus do Tocantins,2
Bom Jesus dos Perdões,17
Bom Princípio,6
Bom Repouso,4
Bom Retiro,1
Bom Retiro do Sul,3
Bom Sucesso,5
Bombinhas,15
Bonfim,5
Bonfinópolis,2
Bonfinópolis de Minas,2
Boninal,2
Bonito,17
Bonito de Minas,1
Bonito de Santa Fé,1
Boqueirão do Leão,2
Boquim,1
Boquira,1
Boracéia,1
Borborema,9
Borda da Mata,6
Borrazópolis,2
Borá,1
Bossoroca,1
Botelhos,8
Botucatu,99
Botuporã,1
Botuverá,2
Bragança,9
Bragança Paulista,142
Brasil Novo,3
Brasilândia,1
Brasilândia de Minas,2
Brasiléia,1
Brasília,2070
Brasília de Minas,8
Brazabrantes,2
Brazópolis,7
Braço do Norte,20
Braúna,5
Braúnas,1
Brejetuba,1
Brejo,1
Brejo Grande,1
Brejo Santo,10
Brejo da Madre de Deus,4
Brejo do Cruz,1
Brejo dos Santos,1
Brejolândia,1
Brejões,1
Breu Branco,3
Breves,1
Britânia,1
Brodowski,10
Brotas,13
Brotas de Macaúbas,1
Brumadinho,26
Brumado,21
Brusque,57
Brás Pires,2
Bueno Brandão,4
Buenos Aires,2
Buenópolis,5
Buerarema,4
Bugre,1
Buri,10
Buritama,9
Buriti,1
Buriti Alegre,1
Buriti do Tocantins,1
Buriti dos Lopes,2
Buriticupu,4
Buritirama,2
Buritis,16
Buritizal,2
Buritizeiro,9
Butiá,6
Buíque,1
Bálsamo,5
Caarapó,4
Cabaceiras do Paraguaçu,1
Cabeceira Grande,3
Cabeceiras,1
Cabedelo,7
Cabixi,1
Cabo Frio,116
Cabo Verde,3
Cabo de Santo Agostinho,21
Cabreúva,14
Cabrobó,6
Cabrália Paulista,4
Cacaulândia,1
Cacequi,4
Cachoeira,4
Cachoeira Alta,6
Cachoeira Dourada,3
Cachoeira Paulista,25
Cachoeira da Prata,2
Cachoeira de Minas,7
Cachoeira de Pajeú,3
Cachoeira do Sul,31
Cachoeiras de Macacu,35
Cachoeirinha,68
Cachoeiro de Itapemirim,120
Cacimbinhas,1
Cacoal,13
Caconde,10
Caculé,3
Caetanos,1
Caetanópolis,8
Caetité,10
Caeté,26
Caetés,1
Cafeara,2
Cafelândia,19
Caiana,3
Caiapônia,4
Caibaté,2
Caibi,3
Caicó,10
Caieiras,99
Cairu,2
Caiuá,2
Caiçara do Norte,1
Cajamar,99
Cajapió,1
Cajari,1
Cajati,16
Cajazeiras,12
Cajobi,8
Cajueiro,1
Cajuri,1
Cajuru,9
Caldas,5
Caldas Brandão,1
Caldas Novas,36
Caldeirão Grande,3
Caldeirão Grande do Piauí,1
Califórnia,2
Calmon,1
Calçado,1
Camacan,6
Camacho,1
Camamu,8
Camanducaia,10
Camapuã,6
Camaquã,13
Camaragibe,33
Camaçari,68
Cambará,10
Cambará do Sul,2
Cambira,2
Camboriú,27
Cambuci,9
Cambuquira,5
Cambuí,20
Cambé,27
Cametá,4
Camocim,8
Camocim de São Félix,2
Campanha,7
Campanário,2
Campestre,3
Campestre da Serra,2
Campestre do Maranhão,2
Campina Grande,68
Campina Grande do Sul,10
Campina Verde,10
Campina da Lagoa,3
Campina das Missões,2
Campina do Monte Alegre,2
Campinas,1398
Campinas do Sul,6
Campinaçu,1
Campinorte,7
Campinápolis,2
Campo Alegre,5
Campo Alegre de Goiás,2
Campo Alegre de Lourdes,1
Campo Alegre do Fidalgo,1
Campo Azul,1
Campo Belo,21
Campo Bom,36
Campo Bonito,1
Campo Erê,7
Campo Florido,1
Campo Formoso,10
Campo Grande,316
Campo Grande do Piauí,1
Campo Largo,37
Campo Limpo Paulista,47
Campo Magro,1
Campo Maior,7
Campo Mourão,54
Campo Novo,2
Campo Novo do Parecis,16
Campo Verde,10
Campo do Brito,1
Campo do Meio,4
Campo do Tenente,1
Campos Altos,5
Campos Belos,7
Campos Borges,3
Campos Gerais,5
Campos Novos,14
Campos Sales,4
Campos Verdes,1
Campos de Júlio,6
Campos do Jordão,24
Campos dos Goytacazes,263
Camutanga,3
Cananéia,8
Canapi,1
Canarana,12
Canavieiras,6
Canaã,1
Canaã dos Carajás,9
Candeal,1
Candeias,21
Candeias do Jamari,1
Candelária,4
Candiota,4
Candói,1
Canela,18
Canelinha,4
Canguçu,14
Canhotinho,2
Canindé,6
Canindé de São Francisco,2
Canitar,2
Canoas,202
Canoinhas,27
Cansanção,5
Cantagalo,21
Cantanhede,1
Canto do Buriti,1
Canudos,1
Canápolis,5
Capanema,13
Caparaó,1
Capela,2
Capela Nova,1
Capela de Santana,2
Capela do Alto,3
Capela do Alto Alegre,1
Capelinha,20
Capetinga,2
Capim Branco,1
Capim Grosso,5
Capinzal,10
Capinzal do Norte,2
Capinópolis,11
Capistrano,1
Capitão,1
Capitão Andrade,1
Capitão Enéas,1
Capitão Leônidas Marques,6
Capitão Poço,3
Capitólio,5
Capivari,34
Capivari de Baixo,5
Capivari do Sul,1
Capoeiras,1
Caputira,2
Capão Bonito,23
Capão da Canoa,38
Capão do Cipó,3
Capão do Leão,4
Caracol,1
Caraguatatuba,88
Carambeí,3
Carandaí,11
Carangola,25
Carapebus,5
Carapicuíba,320
Caratinga,61
Caravelas,3
Carazinho,24
Caraí,7
Caraíbas,1
Caraúbas,3
Carbonita,3
Cardoso,6
Cardoso Moreira,6
Careaçu,2
Cariacica,136
Caridade,1
Carinhanha,2
Cariri do Tocantins,2
Caririaçu,2
Cariré,3
Cariús,3
Carlinda,2
Carlos Barbosa,20
Carlos Chagas,3
Carlópolis,6
Carmo,13
Carmo da Cachoeira,4
Carmo da Mata,6
Carmo de Minas,3
Carmo do Cajuru,10
Carmo do Paranaíba,16
Carmo do Rio Claro,8
Carmo do Rio Verde,2
Carmolândia,1
Carmésia,1
Carmópolis,2
Carmópolis de Minas,5
Carnaubais,2
Carnaubal,2
Carnaíba,2
Carnaúba dos Dantas,1
Carneirinho,3
Carolina,2
Carpina,10
Carrancas,3
Caruaru,64
Carutapera,2
Carvalhópolis,3
Casa Branca,14
Casa Nova,7
Casca,7
Cascalho Rico,1
Cascavel,152
Caseiros,1
Casimiro de Abreu,32
Cassilândia,5
Castanhal,22
Castanheira,3
Castanheiras,1
Castelo,17
Castelo do Piauí,2
Castelândia,4
Castilho,11
Castro,25
Castro Alves,2
Cataguases,32
Catalão,31
Catanduva,71
Catanduvas,6
Catarina,3
Catas Altas,5
Catende,7
Catiguá,6
Catolé do Rocha,6
Catu,10
Caturama,2
Catuípe,4
Caucaia,35
Cavalcante,2
Caxambu,17
Caxambu do Sul,1
Caxias,16
Caxias do Sul,213
Caxingó,1
Caçador,40
Caçapava,72
Caçapava do Sul,5
Caçu,8
Caém,1
Ceará-Mirim,2
Cedral,9
Cedro,1
Cedro de São João,3
Cedro do Abaeté,1
Celso Ramos,2
Centenário,1
Centenário do Sul,4
Central,1
Centralina,1
Centro Novo do Maranhão,1
Cerejeiras,1
Ceres,7
Cerqueira César,17
Cerquilho,28
Cerrito,1
Cerro Azul,3
Cerro Grande,1
Cerro Grande do Sul,2
Cerro Largo,7
Cerro Negro,1
Cesário Lange,12
Cezarina,1
Chalé,2
Chapada,4
Chapada Gaúcha,4
Chapada do Norte,2
Chapada dos Guimarães,4
Chapadinha,3
Chapadão do Céu,7
Chapadão do Lageado,1
Chapadão do Sul,14
Chapecó,99
Charqueada,10
Charqueadas,16
Charrua,2
Chaval,1
Chavantes,13
Chiapetta,1
Chopinzinho,4
Chorozinho,1
Chorrochó,2
Chuí,4
Chácara,2
Chã Grande,1
Chã de Alegria,1
Cianorte,37
Cidade Gaúcha,5
Cidade Ocidental,9
Cidelândia,1
Cidreira,5
Cipó,1
Ciríaco,1
Claraval,1
Claro dos Poções,1
Clementina,4
Clevelândia,3
Cláudia,4
Cláudio,19
Coaraci,4
Coari,1
Cocal,8
Cocal do Sul,4
Cocalinho,4
Cocalzinho de Goiás,1
Cocos,1
Codó,8
Coelho Neto,3
Coimbra,1
Coité do Nóia,1
Colatina,64
Colina,8
Colinas,4
Colinas do Tocantins,3
Colméia,2
Colniza,3
Colombo,59
Colorado,9
Colorado do Oeste,3
Coluna,3
Colíder,8
Colômbia,5
Colônia Leopoldina,2
Combinado,1
Comendador Levy Gasparian,7
Comercinho,1
Comodoro,6
Conceição,2
Conceição da Aparecida,6
Conceição da Barra,5
Conceição da Feira,2
Conceição das Alagoas,3
Conceição das Pedras,4
Conceição de Macabu,13
Conceição do Almeida,1
Conceição do Araguaia,7
Conceição do Canindé,1
Conceição do Castelo,5
Conceição do Coité,9
Conceição do Jacuípe,3
Conceição do Mato Dentro,12
Conceição do Pará,3
Conceição do Rio Verde,5
Conceição do Tocantins,3
Conceição dos Ouros,4
Conchal,18
Conchas,9
Concórdia,49
Concórdia do Pará,3
Condado,4
Conde,2
Condeúba,1
Condor,4
Confins,1
Confresa,7
Congonhal,4
Congonhas,30
Congonhinhas,2
Conquista,5
Conquista D'Oeste,1
Conselheiro Lafaiete,83
Conselheiro Mairinck,1
Conselheiro Pena,15
Constantina,1
Contagem,417
Contenda,1
Coqueiro Baixo,2
Coqueiros do Sul,1
Coração de Jesus,3
Coração de Maria,1
Corbélia,3
Cordeiro,24
Cordeiros,1
Cordeirópolis,16
Coreaú,1
Coremas,3
Corguinho,1
Coribe,6
Corinto,10
Cornélio Procópio,24
Coroaci,2
Coroados,2
Coroatá,8
Coromandel,22
Coronel Domingos Soares,1
Coronel Fabriciano,41
Coronel Freitas,1
Coronel João Pessoa,1
Coronel João Sá,3
Coronel Macedo,2
Coronel Martins,1
Coronel Murta,1
Coronel Pacheco,1
Coronel Sapucaia,1
Coronel Vivida,11
Correia Pinto,8
Corrente,4
Correntes,1
Correntina,2
Cortês,2
Corumbataí,2
Corumbataí do Sul,1
Corumbaíba,4
Corumbá,28
Corumbá de Goiás,2
Corupá,4
Coruripe,3
Cosmorama,6
Cosmópolis,49
Costa Marques,2
Costa Rica,11
Cotegipe,1
Cotia,244
Cotiporã,1
Cotriguaçu,2
Couto Magalhães,2
Coxilha,2
Coxim,11
Crateús,9
Crato,19
Cravinhos,23
Cravolândia,1
Criciúma,93
Crissiumal,2
Cristais,3
Cristais Paulista,4
Cristal,3
Cristalina,8
Cristalândia,3
Cristiano Otoni,2
Cristina,8
Cristinápolis,1
Cristália,3
Cristópolis,2
Crisólita,2
Crisópolis,4
Crixás,7
Croatá,1
Cromínia,1
Crucilândia,1
Cruz,7
Cruz Alta,32
Cruz Machado,3
Cruz das Almas,17
Cruzeiro,54
Cruzeiro da Fortaleza,3
Cruzeiro do Iguaçu,1
Cruzeiro do Oeste,7
Cruzeiro do Sul,7
Cruzália,3
Cruzília,4
Cubati,2
Cubatão,76
Cuiabá,242
Cuité,4
Cujubim,1
Cumari,2
Cumaru,2
Cunha,15
Cunha Porã,4
Cupira,1
Curaçá,3
Curitiba,1465
Curitibanos,21
Curiúva,4
Currais Novos,8
Curral de Cima,1
Curralinho,1
Cururupu,3
Curuçá,2
Curvelo,42
Curvelândia,1
Custódia,5
Cáceres,25
Cássia,6
Cássia dos Coqueiros,1
Cândido Godói,1
Cândido Mendes,1
Cândido Mota,16
Cândido Rodrigues,2
Cândido Sales,3
Cândido de Abreu,4
Céu Azul,7
Cícero Dantas,9
Córrego Danta,1
Córrego Fundo,1
Córrego do Ouro,1
Damianópolis,2
Datas,1
David Canabarro,2
Delfim Moreira,1
Delfinópolis,3
Delmiro Gouveia,4
Demerval Lobão,1
Denise,2
Deodápolis,2
Deputado Irapuan Pinheiro,3
Descalvado,13
Descoberto,3
Desterro,1
Desterro de Entre Rios,1
Desterro do Melo,1
Dezesseis de Novembro,1
Diadema,274
Diamante D'Oeste,1
Diamante do Norte,5
Diamantina,29
Diamantino,4
Dianópolis,7
Dias D'Ávila,1
Dias d'Ávila,23
Diogo de Vasconcelos,2
Dionísio,2
Dionísio Cerqueira,3
Diorama,1
Divino,14
Divino das Laranjeiras,2
Divino de São Lourenço,1
Divinolândia,7
Divinolândia de Minas,5
Divinésia,1
Divinópolis,137
Divinópolis de Goiás,1
Divinópolis do Tocantins,1
Divisa Alegre,2
Divisa Nova,1
Dobrada,2
Dois Córregos,12
Dois Irmãos,18
Dois Irmãos do Buriti,3
Dois Riachos,1
Dois Vizinhos,25
Dom Aquino,3
Dom Basílio,3
Dom Cavati,1
Dom Eliseu,5
Dom Feliciano,5
Dom Joaquim,2
Dom Macedo Costa,1
Dom Pedrito,10
Dom Pedro,3
Dom Silvério,4
Dom Viçoso,2
Domingos Martins,13
Dona Emma,1
Dona Euzébia,2
Dona Francisca,2
Dores de Campos,8
Dores de Guanhães,1
Dores do Indaiá,6
Dores do Rio Preto,4
Dormentes,2
Douradina,1
Dourado,9
Dourados,59
Doutor Camargo,1
Doutor Maurício Cardoso,1
Doutor Ulysses,1
Doverlândia,2
Dracena,29
Duartina,9
Duas Barras,3
Dueré,1
Dumont,4
Duque de Caxias,262
Durandé,2
Dário Meira,2
Echaporã,2
Ecoporanga,8
Edéia,4
Eldorado,7
Eldorado do Sul,13
Elias Fausto,5
Eliseu Martins,4
Elisiário,1
Elísio Medrado,2
Elói Mendes,10
Embaúba,1
Embu das Artes,172
Embu-Guaçu,46
Emilianópolis,1
Encantado,11
Encruzilhada do Sul,8
Engenheiro Beltrão,2
Engenheiro Coelho,12
Engenheiro Navarro,1
Engenheiro Paulo de Frontin,7
Entre Folhas,1
Entre Rios,6
Entre Rios de Minas,6
Entre Rios do Oeste,3
Entre-Ijuís,3
Enéas Marques,4
Epitaciolândia,1
Erebango,1
Erechim,53
Ereré,1
Erval Grande,1
Ervália,7
Escada,10
Esmeralda,1
Esmeraldas,14
Espera Feliz,18
Esperantina,5
Esperantinópolis,3
Esperança,6
Espigão Alto do Iguaçu,2
Espigão do Oeste,6
Espinosa,6
Esplanada,6
Espumoso,7
Espírito Santo do Pinhal,18
Espírito Santo do Turvo,2
Estação,5
Esteio,41
Estiva,1
Estiva Gerbi,5
Estreito,3
Estrela,16
Estrela D'Oeste,1
Estrela Velha,1
Estrela d'Oeste,1
Estrela do Indaiá,2
Estrela do Norte,3
Estrela do Sul,1
Estância,9
Estância Velha,19
Euclides da Cunha,6
Euclides da Cunha Paulista,1
Eugenópolis,6
Eugênio de Castro,1
Eunápolis,37
Eusébio,13
Ewbank da Câmara,1
Extrema,40
Extremoz,2
Fagundes,1
Farol,1
Farroupilha,28
Fartura,10
Faxinal,9
Faxinal dos Guedes,11
Faxinalzinho,1
Fazenda Nova,4
Fazenda Rio Grande,28
Fazenda Vilanova,2
Feira Nova,4
Feira de Santana,177
Felipe Guerra,1
Felisburgo,1
Felixlândia,1
Feliz,14
Feliz Deserto,2
Feliz Natal,1
Felício dos Santos,1
Fernando Prestes,6
Fernandópolis,53
Fernão,1
Ferraz de Vasconcelos,107
Ferreiros,1
Ferros,2
Fervedouro,8
Figueira,4
Figueirópolis D'Oeste,2
Filadélfia,1
Firminópolis,5
Flor da Serra do Sul,2
Flora Rica,1
Floraí,2
Floreal,2
Flores,2
Flores da Cunha,12
Flores de Goiás,1
Floresta,10
Floresta do Araguaia,1
Florestal,3
Florestópolis,3
Floriano,17
Florianópolis,546
Florânia,1
Florínea,1
Flórida,1
Flórida Paulista,4
Fontoura Xavier,1
Formiga,32
Formigueiro,2
Formosa,34
Formosa da Serra Negra,1
Formosa do Oeste,1
Formosa do Rio Preto,3
Formoso,3
Formoso do Araguaia,3
Forquilha,4
Forquilhinha,12
Fortaleza,643
Fortaleza dos Valos,1
Fortim,1
Fortuna,3
Foz do Iguaçu,85
Foz do Jordão,1
Fraiburgo,15
Franca,160
Francisco Badaró,3
Francisco Beltrão,50
Francisco Dantas,1
Francisco Dumont,2
Francisco Morato,93
Francisco Santos,1
Francisco Sá,3
Franco da Rocha,104
Frecheirinha,2
Frederico Westphalen,14
Frei Gaspar,1
Frei Inocêncio,5
Frei Lagonegro,1
Frei Martinho,2
Frei Rogério,1
Fronteira,6
Fronteiras,3
Fruta de Leite,2
Frutal,26
Frutuoso Gomes,1
Fundão,5
Fátima,3
Fátima do Sul,4
Fênix,1
Gabriel Monteiro,1
Galinhos,1
Galvão,1
Gameleira,4
Gameleiras,3
Gandu,4
Garanhuns,25
Garibaldi,10
Garopaba,20
Garrafão do Norte,3
Garruchos,1
Garuva,5
Garça,28
Gaspar,29
Gastão Vidigal,3
Gaurama,3
Gavião Peixoto,2
Gaúcha do Norte,2
General Carneiro,5
General Câmara,1
General Maynard,1
General Salgado,7
Gentio do Ouro,1
Getulina,2
Getúlio Vargas,8
Gilbués,1
Girau do Ponciano,1
Giruá,9
Glicério,4
Glorinha,2
Glória de Dourados,1
Glória do Goitá,2
Godoy Moreira,1
Goiabeira,2
Goiana,12
Goiandira,1
Goianinha,3
Goianira,8
Goianorte,2
Goianápolis,4
Goianésia,18
Goianésia do Pará,3
Goiatuba,10
Goioerê,11
Goiás,8
Goiânia,671
Gongogi,1
Gonçalves,3
Gonçalves Dias,1
Gouveia,4
Governador Celso Ramos,3
Governador Dix-Sept Rosado,1
Governador Eugênio Barros,1
Governador Lindenberg,2
Governador Mangabeira,1
Governador Valadares,142
Gracho Cardoso,1
Grajaú,4
Gramado,30
Gramado Xavier,1
Gramado dos Loureiros,1
Grandes Rios,2
Granja,5
Gravatal,6
Gravataí,108
Gravatá,11
Groaíras,1
Grupiara,1
Grão Mogol,3
Grão Pará,3
Guabiju,1
Guabiruba,5
Guadalupe,4
Guairaçá,1
Guaiçara,8
Guaiúba,1
Guajará-Mirim,3
Guamaré,2
Guamiranga,1
Guanambi,38
Guanhães,18
Guapiara,3
Guapiaçu,6
Guapimirim,23
Guapirama,1
Guaporé,18
Guapé,1
Guapó,6
Guarabira,10
Guaraci,4
Guaraciaba,3
Guaraciaba do Norte,4
Guaramirim,13
Guarani,6
Guarani das Missões,2
Guaraniaçu,5
Guarantã,5
Guarantã do Norte,5
Guaranésia,11
Guarapari,64
Guarapuava,71
Guaraqueçaba,1
Guararapes,18
Guararema,11
Guarará,2
Guaratinga,2
Guaratinguetá,97
Guaratuba,9
Guaraçaí,4
Guaraí,4
Guarda-Mor,2
Guareí,5
Guariba,14
Guarujá,215
Guarujá do Sul,4
Guarulhos,1153
Guará,9
Guatapará,1
Guaxupé,31
Guaçuí,15
Guaíba,29
Guaíra,41
Guia Lopes da Laguna,1
Guidoval,2
Guimarânia,4
Guimarães,1
Guiricema,1
Gurupi,23
Guzolândia,1
Gália,1
Heliópolis,1
Herculândia,3
Herval,2
Herval d'Oeste,9
Herveiras,1
Hidrolina,2
Hidrolândia,7
Holambra,28
Horizonte,5
Horizontina,7
Hortolândia,143
Hulha Negra,1
Humaitá,4
Humberto de Campos,1
Iacanga,6
Iaciara,4
Iacri,2
Iapu,4
Iaras,1
Iati,3
Iaçu,4
Ibaiti,9
Ibarama,1
Ibateguara,2
Ibatiba,8
Ibaté,12
Ibema,1
Ibertioga,1
Ibiam,4
Ibiapina,3
Ibiara,1
Ibiassucê,2
Ibiaçá,2
Ibiaí,3
Ibicaraí,5
Ibicaré,2
Ibicoara,3
Ibicuitinga,1
Ibimirim,3
Ibipeba,1
Ibipitanga,2
Ibiporã,12
Ibiracatu,1
Ibiraci,4
Ibiraiaras,2
Ibirama,13
Ibirapuã,1
Ibirarema,5
Ibirataia,2
Ibiraçu,1
Ibirité,48
Ibirubá,20
Ibirá,8
Ibitiara,1
Ibitinga,22
Ibititá,1
Ibiá,9
Ibiúna,29
Ibotirama,7
Icapuí,5
Icaraí de Minas,2
Icaraíma,1
Icatu,1
Ichu,2
Iconha,5
Icém,8
Icó,8
Ielmo Marinho,2
Iepê,5
Igaci,2
Igaporã,1
Igarapava,7
Igarapé,11
Igarapé-Açu,1
Igarapé-Miri,1
Igarassu,13
Igaratinga,2
Igaratá,5
Igaraçu do Tietê,4
Igrapiúna,1
Igreja Nova,2
Igrejinha,17
Iguaba Grande,18
Iguape,14
Iguaraçu,1
Iguatama,4
Iguatu,15
Iguaí,2
Ijuí,50
Ilha Comprida,4
Ilha Grande,1
Ilha Solteira,24
Ilha de Itamaracá,4
Ilhabela,45
Ilhota,4
Ilhéus,72
Ilicínea,1
Ilópolis,3
Imaculada,3
Imbaú,2
Imbituba,34
Imbituva,7
Imbuia,4
Imbé,13
Imbé de Minas,2
Imigrante,3
Imperatriz,39
Inaciolândia,3
Inajá,4
Inconfidentes,2
Indaial,26
Indaiatuba,269
Independência,1
Indiana,3
Indianópolis,6
Indiaporã,3
Indiara,3
Indiaroba,1
Ingaí,1
Ingá,1
Inhambupe,7
Inhapi,2
Inhapim,7
Inhaúma,2
Inhuma,1
Inhumas,15
Inimutaba,2
Inocência,1
Inácio Martins,5
Inúbia Paulista,3
Iomerê,1
Ipaba,8
Ipameri,15
Ipanema,7
Ipaporanga,2
Ipatinga,168
Ipaumirim,1
Ipaussu,7
Ipecaetá,1
Iperó,16
Ipiaçu,3
Ipiaú,8
Ipiguá,2
Ipira,10
Ipiranga,3
Ipiranga de Goiás,1
Ipiranga do Norte,1
Ipiranga do Sul,1
Ipixuna do Pará,2
Ipojuca,18
Iporã,16
Iporã do Oeste,6
Ipu,4
Ipubi,3
Ipueira,1
Ipueiras,3
Ipuiúna,1
Ipumirim,5
Ipupiara,1
Ipuã,4
Ipê,2
Iracema,2
Iracemápolis,17
Iramaia,2
Irani,3
Irapuru,6
Irapuã,4
Iraquara,5
Irará,2
Irati,22
Irauçuba,3
Iraí,2
Iraí de Minas,2
Irecê,12
Iretama,1
Irineópolis,4
Irupi,2
Isaías Coelho,1
Itaara,1
Itabaiana,14
Itabaianinha,2
Itabela,4
Itaberaba,10
Itaberaí,6
Itaberá,7
Itabi,1
Itabira,79
Itabirinha,1
Itabirito,31
Itaboraí,57
Itabuna,60
Itacarambi,3
Itacaré,9
Itacoatiara,1
Itagi,2
Itagibá,2
Itagimirim,1
Itaguajé,2
Itaguara,1
Itaguari,1
Itaguaru,2
Itaguaçu,9
Itaguaçu da Bahia,1
Itaguaí,47
Itaipulândia,6
Itaitinga,4
Itaituba,3
Itaiçaba,1
Itaiópolis,8
Itajaí,118
Itajobi,10
Itaju,2
Itaju do Colônia,1
Itajubá,91
Itajuípe,3
Itajá,3
Italva,13
Itamaraju,12
Itamarandiba,7
Itamari,3
Itambacuri,6
Itambaracá,2
Itambé,8
Itamogi,2
Itamonte,9
Itanhandu,14
Itanhangá,1
Itanhaém,77
Itanhomi,4
Itanhém,2
Itaobim,6
Itaoca,3
Itaocara,18
Itapaci,4
Itapagipe,5
Itapajé,7
Itaparica,1
Itapecerica,12
Itapecerica da Serra,97
Itapecuru Mirim,4
Itapejara d'Oeste,6
Itapema,42
Itapemirim,8
Itaperuna,47
Itaperuçu,4
Itapetim,2
Itapetinga,17
Itapetininga,79
Itapeva,56
Itapevi,169
Itapicuru,2
Itapipoca,11
Itapira,54
Itapiranga,12
Itapirapuã,2
Itapirapuã Paulista,2
Itapissuma,3
Itapitanga,3
Itapiúna,1
Itaporanga,13
Itaporanga d'Ajuda,1
Itaporã,3
Itapoá,9
Itapura,6
Itapuranga,7
Itapuí,7
Itapé,1
Itaquaquecetuba,166
Itaqui,9
Itaquiraí,2
Itaquitinga,2
Itarana,3
Itarantim,3
Itararé,27
Itarema,1
Itariri,6
Itatiaia,17
Itatiaiuçu,2
Itatiba,94
Itatiba do Sul,1
Itatim,3
Itatinga,4
Itaueira,1
Itaí,10
Itaú,2
Itaú de Minas,5
Itaúba,5
Itaúna,54
Itinga,3
Itiquira,1
Itirapina,2
Itiruçu,3
Itiúba,4
Itobi,6
Itororó,2
Itu,133
Ituaçu,3
Ituberá,3
Itueta,3
Ituiutaba,47
Itumbiara,36
Itumirim,1
Itupeva,44
Itupiranga,1
Ituporanga,14
Iturama,15
Itutinga,1
Ituverava,30
Itá,3
Itápolis,29
Ivaiporã,7
Ivaté,3
Ivaí,2
Ivinhema,3
Ivorá,1
Ivoti,13
Içara,21
Iúna,2
Jaboatão dos Guararapes,134
Jaborandi,3
Jaborá,2
Jaboti,2
Jaboticabal,52
Jaboticatubas,1
Jacaraci,3
Jacaraú,1
Jacareacanga,1
Jacarezinho,15
Jacareí,189
Jaci,2
Jaciara,3
Jacinto,2
Jacinto Machado,4
Jacobina,23
Jacuizinho,1
Jacundá,6
Jacupiranga,5
Jacutinga,17
Jacuí,4
Jacuípe,1
Jaguapitã,1
Jaguaquara,2
Jaguarari,7
Jaguaraçu,1
Jaguari,3
Jaguariaíva,19
Jaguaribara,1
Jaguaribe,5
Jaguariúna,62
Jaguaruana,4
Jaguaruna,2
Jaguarão,8
Jaguaré,14
Jales,27
Jambeiro,4
Jampruca,1
Janaúba,16
Jandaia,1
Jandaia do Sul,8
Jandaíra,2
Jandira,79
Janduís,1
Janiópolis,3
Januária,21
Japaratuba,1
Japaraíba,1
Japeri,34
Japi,1
Japira,3
Japoatã,1
Japurá,5
Jaqueira,3
Jaquirana,1
Jaraguari,2
Jaraguá,7
Jaraguá do Sul,85
Jardim,5
Jardim Alegre,2
Jardim Olinda,1
Jardim de Piranhas,1
Jardim do Seridó,3
Jardinópolis,13
Jari,2
Jarinu,18
Jaru,6
Jataizinho,1
Jataí,54
Jataúba,2
Jatobá,4
Jaupaci,1
Jauru,5
Jaíba,5
Jaú,72
Jeceaba,5
Jenipapo de Minas,1
Jequeri,1
Jequitaí,2
Jequitibá,2
Jequitinhonha,9
Jequiá da Praia,2
Jequié,34
Jeremoabo,6
Jericó,1
Jeriquara,1
Jerônimo Monteiro,2
Jesuânia,5
Jesuítas,4
Jesúpolis,2
Ji-Paraná,16
Jijoca de Jericoacoara,4
Jiquiriçá,1
Joanópolis,4
Joaquim Nabuco,4
Joaquim Pires,1
Joaquim Távora,3
Joaçaba,26
Joaíma,1
Joinville,260
Jordânia,5
Joselândia,1
José Boiteux,1
José Bonifácio,12
José da Penha,1
José de Freitas,3
Joviânia,4
João Alfredo,3
João Câmara,2
João Dourado,1
João Lisboa,4
João Monlevade,47
João Neiva,8
João Pessoa,241
João Pinheiro,18
João Ramalho,3
Juara,5
Juatuba,4
Juazeiro,45
Juazeiro do Norte,34
Jucurutu,4
Jucuruçu,2
Jucás,1
Juiz de Fora,415
Jumirim,2
Junco do Seridó,2
Jundiaí,547
Jundiaí do Sul,3
Junqueiro,2
Junqueirópolis,14
Jupi,2
Juquitiba,20
Juquiá,10
Juranda,2
Jurema,2
Juripiranga,1
Juru,1
Juruaia,5
Juruena,3
Juruti,1
Juscimeira,2
Jussara,4
Jussari,2
Jussiape,1
Juti,4
Juvenília,2
Juína,17
Júlio Mesquita,2
Júlio de Castilhos,10
Kaloré,2
Ladainha,2
Ladário,5
Lagarto,11
Lages,82
Lago Verde,1
Lago da Pedra,5
Lagoa,1
Lagoa Dourada,5
Lagoa Formosa,7
Lagoa Grande,7
Lagoa Nova,2
Lagoa Real,1
Lagoa Salgada,1
Lagoa Santa,57
Lagoa Vermelha,13
Lagoa d'Anta,1
Lagoa da Canoa,1
Lagoa da Confusão,5
Lagoa da Prata,10
Lagoa de São Francisco,1
Lagoa de Velhos,1
Lagoa do Carro,2
Lagoa do Mato,1
Lagoa do Ouro,2
Lagoa do Piauí,1
Lagoa dos Gatos,3
Lagoa dos Patos,1
Lagoa dos Três Cantos,1
Lagoinha,3
Lagoinha do Piauí,1
Lagoão,1
Laguna,13
Laje do Muriaé,1
Lajeado,48
Lajeado Grande,1
Lajedo,7
Lajinha,3
Lamarão,1
Lambari,8
Lamim,1
Lapa,16
Laranja da Terra,1
Laranjal,2
Laranjal Paulista,21
Laranjal do Jari,2
Laranjeiras do Sul,19
Laurentino,5
Lauro Müller,8
Lauro de Freitas,73
Lavras,81
Lavras da Mangabeira,2
Lavras do Sul,3
Lavrinhas,1
Lavínia,4
Leandro Ferreira,2
Lebon Régis,1
Leme,48
Lençóis,1
Lençóis Paulista,45
Leoberto Leal,1
Leopoldina,18
Leopoldo de Bulhões,1
Leópolis,1
Liberato Salzano,1
Liberdade,3
Lima Duarte,6
Limeira,181
Limeira do Oeste,2
Limoeiro,7
Limoeiro do Norte,11
Lindoeste,2
Lindolfo Collor,1
Lindóia,9
Lindóia do Sul,1
Linhares,61
Lins,54
Livramento,1
Livramento de Nossa Senhora,5
Loanda,13
Lobato,3
Londrina,298
Lontras,3
Lorena,78
Loreto,1
Lourdes,2
Louveira,42
Lucas do Rio Verde,24
Lucena,1
Lucianópolis,2
Lucélia,12
Luisburgo,2
Luiz Alves,2
Luiziana,2
Luiziânia,3
Luminárias,3
Lunardelli,2
Lupionópolis,2
Lupércio,3
Lutécia,1
Luz,2
Luzilândia,3
Luziânia,30
Luís Antônio,7
Luís Correia,1
Luís Eduardo Magalhães,36
Macambira,1
Macaparana,2
Macapá,53
Macatuba,12
Macau,5
Macaubal,1
Macaé,232
Macaíba,5
Macaúbas,9
Macedônia,4
Maceió,243
Machacalis,2
Machadinho,1
Machadinho D'Oeste,3
Machado,21
Machados,1
Macieira,1
Macuco,1
Madalena,1
Madre de Deus,7
Madre de Deus de Minas,3
Mafra,28
Magalhães de Almeida,1
Magda,2
Magé,106
Maiquinique,1
Mairi,2
Mairinque,23
Mairiporã,74
Mairipotaba,1
Major Vieira,3
Malacacheta,7
Malhador,1
Mallet,6
Mamanguape,7
Mambaí,2
Mamborê,8
Mamonas,1
Mampituba,1
Manaus,135
Manaíra,1
Mandaguari,17
Mandaguaçu,5
Mandirituba,5
Manduri,3
Manfrinópolis,1
Manga,3
Mangaratiba,21
Mangueirinha,9
Manhuaçu,65
Manhumirim,16
Manoel Ribas,4
Manoel Urbano,1
Manoel Viana,3
Mansidão,1
Mantena,11
Mantenópolis,4
Maquiné,1
Mar Vermelho,1
Mar de Espanha,9
Mara Rosa,2
Marabá,22
Maracaju,13
Maracanaú,33
Maracanã,2
Maracaçumé,4
Maracaí,8
Maracás,4
Maragogi,5
Maragogipe,2
Maranguape,4
Maranhãozinho,1
Marataízes,16
Marau,20
Maravilha,12
Maravilhas,4
Marcelino Vieira,1
Marco,3
Marcos Parente,1
Marechal Cândido Rondon,29
Marechal Deodoro,1
Marechal Floriano,5
Mari,3
Maria da Fé,3
Marialva,17
Mariana,33
Mariano Moro,1
Maribondo,1
Maricá,136
Marilac,1
Marilena,1
Mariluz,2
Marilândia,8
Marilândia do Sul,1
Maringá,261
Marinópolis,2
Maripá,4
Marituba,13
Mariápolis,2
Mariópolis,1
Marmeleiro,7
Marques de Souza,1
Martinho Campos,2
Martins,2
Martins Soares,5
Martinópolis,9
Marília,195
Mascote,2
Massapê,2
Massaranduba,3
Mata,1
Mata Grande,2
Mata Roma,2
Mata Verde,6
Mata de São João,11
Matelândia,2
Materlândia,2
Mateus Leme,12
Matias Barbosa,12
Matias Olímpio,1
Matinhos,25
Matipó,3
Mato Leitão,2
Mato Rico,1
Mato Verde,2
Matozinhos,12
Matrinchã,2
Matriz de Camaragibe,1
Matupá,5
Matutina,2
Matão,52
Matões,1
Matões do Norte,2
Maurilândia,4
Mauriti,1
Mauá,314
Mauá da Serra,2
Maximiliano de Almeida,3
Maçambará,2
Medeiros,2
Medeiros Neto,6
Medianeira,23
Medicilândia,1
Medina,7
Meleiro,3
Mendes,12
Mendes Pimentel,5
Mendonça,5
Mercedes,2
Mercês,4
Meridiano,1
Meruoca,2
Mesquita,74
Messias Targino,1
Miguel Calmon,5
Miguel Pereira,33
Miguelópolis,13
Milagres,4
Milhã,2
Mimoso de Goiás,1
Mimoso do Sul,10
Minas Novas,4
Minas do Leão,1
Minaçu,10
Minduri,1
Mineiros,25
Mineiros do Tietê,3
Ministro Andreazza,1
Mira Estrela,1
Miracatu,5
Miracema,19
Miradouro,1
Miraguaí,1
Miranda,4
Miranda do Norte,1
Mirandiba,3
Mirandópolis,12
Miranorte,2
Mirante da Serra,1
Mirante do Paranapanema,2
Mirassol,29
Mirassol d'Oeste,14
Miravânia,1
Miraí,8
Miraíma,2
Mirinzal,3
Missal,7
Missão Velha,1
Mocajuba,1
Mococa,32
Moeda,1
Moema,1
Mogi Guaçu,88
Mogi Mirim,73
Mogi das Cruzes,371
Moju,4
Mojuí dos Campos,2
Mombaça,1
Mombuca,3
Mondaí,2
Mongaguá,41
Monsenhor Paulo,1
Monsenhor Tabosa,3
Montadas,1
Montalvânia,3
Montanha,7
Montanhas,1
Montauri,2
Monte Alegre,2
Monte Alegre de Minas,4
Monte Alegre de Sergipe,1
Monte Alegre do Sul,6
Monte Alto,33
Monte Aprazível,10
Monte Azul,5
Monte Azul Paulista,19
Monte Belo,5
Monte Belo do Sul,1
Monte Carlo,2
Monte Carmelo,23
Monte Castelo,2
Monte Formoso,2
Monte Mor,38
Monte Santo,1
Monte Santo de Minas,9
Monte Sião,19
Monteiro Lobato,1
Monteirópolis,1
Montenegro,31
Montes Claros,206
Montezuma,2
Montividiu do Norte,1
Monção,1
Monções,2
Morada Nova,10
Morada Nova de Minas,3
Moreilândia,2
Moreira Sales,3
Moreno,5
Morpará,2
Morretes,4
Morrinhos,16
Morro Agudo,10
Morro Agudo de Goiás,1
Morro Grande,1
Morro Redondo,1
Morro Reuter,3
Morro da Fumaça,6
Morro da Garça,1
Morro do Chapéu,7
Morro do Pilar,1
Morungaba,7
Mossoró,36
Mossâmedes,1
Mostardas,10
Motuca,3
Mozarlândia,6
Mucambo,1
Mucugê,1
Mucuri,9
Mucurici,1
Muliterno,1
Mundo Novo,6
Munhoz,4
Munhoz de Melo,4
Muniz Freire,3
Muqui,4
Muquém do São Francisco,2
Muriaé,65
Murici,1
Muritiba,1
Murutinga do Sul,2
Mutum,9
Mutunópolis,1
Mutuípe,4
Muzambinho,8
Mário Campos,4
Mãe d'Água,1
Mãe do Rio,2
Nacip Raydan,1
Nantes,1
Nanuque,25
Narandiba,2
Natal,203
Natividade,15
Natividade da Serra,1
Natércia,1
Navegantes,29
Naviraí,8
Nazareno,2
Nazaré,4
Nazaré Paulista,6
Nazaré da Mata,1
Nazário,2
Nepomuceno,9
Nerópolis,7
Neves Paulista,3
Neópolis,1
Nhandeara,8
Nilópolis,105
Nipoã,2
Niquelândia,13
Niterói,811
Nobres,1
Nonoai,2
Nortelândia,1
Nossa Senhora da Glória,2
Nossa Senhora das Dores,1
Nossa Senhora das Graças,2
Nossa Senhora de Lourdes,1
Nossa Senhora do Socorro,14
Nossa Senhora dos Remédios,2
Nova Alvorada,3
Nova Alvorada do Sul,3
Nova América,1
Nova América da Colina,1
Nova Andradina,11
Nova Araçá,1
Nova Aurora,4
Nova Bandeirantes,4
Nova Bassano,4
Nova Boa Vista,1
Nova Brasilândia D'Oeste,2
Nova Bréscia,1
Nova Campina,2
Nova Canaã,2
Nova Canaã Paulista,2
Nova Canaã do Norte,3
Nova Cantu,3
Nova Crixás,1
Nova Cruz,2
Nova Era,15
Nova Erechim,3
Nova Esperança,8
Nova Esperança do Piriá,1
Nova Esperança do Sudoeste,1
Nova Esperança do Sul,2
Nova Europa,8
Nova Floresta,1
Nova Friburgo,145
Nova Fátima,5
Nova Granada,18
Nova Guarita,1
Nova Guataporanga,1
Nova Hartz,3
Nova Iguaçu,432
Nova Independência,1
Nova Ipixuna,1
Nova Itaberaba,2
Nova Lacerda,1
Nova Laranjeiras,1
Nova Lima,95
Nova Londrina,8
Nova Luzitânia,1
Nova Mamoré,2
Nova Monte Verde,6
Nova Mutum,5
Nova Odessa,38
Nova Olinda,4
Nova Olinda do Maranhão,4
Nova Olímpia,2
Nova Palma,2
Nova Petrópolis,8
Nova Ponte,9
Nova Prata,15
Nova Prata do Iguaçu,6
Nova Pádua,1
Nova Redenção,1
Nova Resende,1
Nova Roma,1
Nova Roma do Sul,1
Nova Russas,7
Nova Santa Bárbara,1
Nova Santa Rita,6
Nova Santa Rosa,4
Nova Serrana,51
Nova Soure,3
Nova Timboteua,1
Nova Trento,6
Nova Ubiratã,1
Nova Veneza,9
Nova Venécia,17
Nova Viçosa,5
Nova Xavantina,10
Novais,1
Novo Alegre,1
Novo Barreiro,2
Novo Brasil,1
Novo Cabrais,1
Novo Cruzeiro,7
Novo Gama,15
Novo Hamburgo,120
Novo Horizonte,17
Novo Itacolomi,1
Novo Jardim,1
Novo Lino,1
Novo Machado,1
Novo Mundo,1
Novo Oriente,3
Novo Oriente de Minas,1
Novo Oriente do Piauí,2
Novo Planalto,1
Novo Progresso,5
Novo Repartimento,2
Novo São Joaquim,3
Nuporanga,3
Não-Me-Toque,6
Ocara,2
Ocauçu,5
Oeiras,6
Oeiras do Pará,2
Oiapoque,1
Olaria,1
Olho d'Água,1
Olho d'Água das Cunhãs,2
Olho d'Água das Flores,2
Olinda,92
Olindina,3
Oliveira,22
Oliveira dos Brejinhos,2
Olímpia,38
Onda Verde,1
Oriente,3
Orindiúva,5
Oriximiná,2
Orizona,6
Orizânia,1
Orleans,8
Orlândia,28
Orobó,1
Orocó,3
Ortigueira,8
Orós,3
Osasco,717
Oscar Bressane,3
Osvaldo Cruz,15
Osório,34
Otacílio Costa,5
Ouricuri,8
Ourilândia do Norte,5
Ourinhos,79
Ourizona,1
Ouro,1
Ouro Branco,39
Ouro Fino,16
Ouro Preto,61
Ouro Preto do Oeste,4
Ouro Verde,3
Ouro Verde de Goiás,1
Ouro Verde de Minas,2
Ouro Verde do Oeste,1
Ouroeste,11
Ourém,1
Ouvidor,1
Pacaembu,6
Pacajus,6
Pacajá,6
Pacatuba,5
Pacoti,2
Pacujá,1
Padre Bernardo,4
Padre Carvalho,1
Padre Paraíso,1
Paial,1
Paineiras,2
Pains,2
Paiva,2
Paiçandu,10
Palestina,10
Palhano,1
Palhoça,94
Palma,4
Palma Sola,4
Palmares,9
Palmares Paulista,1
Palmares do Sul,4
Palmas,108
Palmeira,16
Palmeira D'Oeste,1
Palmeira d'Oeste,5
Palmeira das Missões,15
Palmeira dos Índios,8
Palmeiras,2
Palmeiras de Goiás,3
Palmeirina,2
Palminópolis,1
Palmital,18
Palmitinho,4
Palmitos,5
Palmópolis,1
Palotina,10
Panambi,17
Pancas,1
Panelas,2
Panorama,5
Pantano Grande,3
Papagaios,3
Papanduva,8
Paracambi,35
Paracatu,60
Paracuru,5
Paragominas,17
Paraguaçu,13
Paraguaçu Paulista,19
Paraibano,3
Paraibuna,10
Paraipaba,4
Paraisópolis,15
Parambu,3
Paramirim,5
Paranacity,3
Paranaguá,59
Paranaiguara,3
Paranapanema,10
Paranapoema,1
Paranapuã,2
Paranatinga,2
Paranavaí,46
Paranaíba,14
Paranaíta,4
Paranhos,1
Paranã,2
Paraopeba,9
Parapuã,6
Paraty,31
Parauapebas,28
Paraí,3
Paraíba do Sul,19
Paraíso,5
Paraíso das Águas,1
Paraíso do Norte,2
Paraíso do Sul,1
Paraíso do Tocantins,10
Paraúna,4
Pardinho,1
Pareci Novo,1
Parelhas,4
Paripiranga,2
Paripueira,1
Pariquera-Açu,15
Parisi,1
Parnamirim,61
Parnarama,1
Parnaíba,23
Parobé,12
Pará de Minas,35
Passa Quatro,10
Passa Tempo,1
Passagem,1
Passagem Franca,1
Passira,1
Passo Fundo,112
Passo de Camaragibe,1
Passo de Torres,7
Passos,43
Passos Maia,2
Pastos Bons,2
Patis,1
Pato Bragado,2
Pato Branco,51
Patos,16
Patos de Minas,98
Patrocínio,47
Patrocínio Paulista,2
Patrocínio do Muriaé,2
Patu,3
Paty do Alferes,16
Pau Brasil,1
Pau D'Arco,2
Pau dos Ferros,9
Paudalho,2
Paula Cândido,1
Paula Freitas,1
Paulicéia,3
Paulino Neves,1
Paulista,42
Paulistana,3
Paulistânia,1
Paulo Afonso,40
Paulo Frontin,4
Paulo Jacinto,2
Paulo Lopes,2
Paulo de Faria,5
Paulínia,125
Pavão,1
Paço do Lumiar,10
Peabiru,5
Pederneiras,21
Pedra,3
Pedra Azul,5
Pedra Bela,3
Pedra Branca,3
Pedra Lavrada,1
Pedra Preta,5
Pedra do Indaiá,1
Pedralva,3
Pedranópolis,1
Pedras Altas,1
Pedras de Fogo,2
Pedregulho,2
Pedreira,34
Pedreiras,3
Pedrinhas Paulista,4
Pedrinópolis,3
Pedro Afonso,3
Pedro Canário,5
Pedro Gomes,1
Pedro II,2
Pedro Leopoldo,40
Pedro Osório,3
Pedro Velho,1
Pedro de Toledo,9
Pedrão,1
Peixe,1
Peixoto de Azevedo,4
Pejuçara,4
Pelotas,181
Penaforte,2
Pendências,2
Penedo,9
Penha,17
Pentecoste,2
Penápolis,36
Pequi,1
Pequizeiro,1
Perdigão,5
Perdizes,8
Perdões,8
Pereira Barreto,19
Pereiras,1
Pereiro,3
Peri Mirim,1
Periquito,2
Peritiba,2
Perobal,1
Peruíbe,43
Pescador,1
Pesqueira,9
Petrolina,65
Petrolândia,13
Petrópolis,220
Peçanha,5
Piacatu,1
Piancó,1
Piatã,2
Piau,2
Piaçabuçu,1
Picada Café,1
Picos,18
Picuí,2
Piedade,23
Piedade de Caratinga,7
Piedade do Rio Grande,3
Piedade dos Gerais,3
Pilar,4
Pilar do Sul,12
Pilão Arcado,4
Pimenta,2
Pimenta Bueno,7
Pimenteiras,2
Pindamonhangaba,96
Pindaré Mirim,3
Pindaí,2
Pindoba,2
Pindobaçu,3
Pindorama,2
Pindorama do Tocantins,2
Pindoretama,1
Pingo-d'Água,1
Pinhais,69
Pinhal da Serra,1
Pinhalzinho,21
Pinhalão,6
Pinheiral,13
Pinheiro,4
Pinheiro Machado,5
Pinheiros,10
Pinhão,8
Pintadas,2
Pinto Bandeira,1
Pio IX,1
Pio XII,1
Piquerobi,1
Piquete,9
Piracaia,21
Piracanjuba,10
Piracema,1
Piracicaba,360
Piracuruca,2
Piraju,18
Pirajuba,1
Pirajuí,12
Pirambu,1
Piranga,4
Pirangi,8
Piranguinho,8
Piranhas,3
Pirapemas,1
Pirapetinga,8
Pirapora,40
Pirapora do Bom Jesus,14
Pirapozinho,13
Pirapó,1
Piraquara,14
Pirassununga,67
Piratini,1
Piratininga,9
Piratuba,6
Piraí,22
Piraí do Norte,1
Piraí do Sul,7
Piraúba,2
Pirenópolis,4
Pires Ferreira,1
Pires do Rio,11
Piripiri,7
Piripá,2
Piritiba,5
Pirpirituba,1
Pitanga,3
Pitangueiras,18
Pitangui,21
Pitimbu,1
Pium,1
Piumhi,31
Piçarra,1
Piên,4
Piúma,17
Placas,2
Planaltina,10
Planaltina do Paraná,1
Planaltino,1
Planalto,9
Planura,2
Pocinhos,3
Pocrane,3
Pojuca,13
Poloni,3
Pombal,5
Pombos,1
Pomerode,9
Pompéia,17
Pompéu,11
Pongaí,4
Ponta Grossa,135
Ponta Porã,17
Pontal,13
Pontal do Paraná,8
Pontalina,1
Pontalinda,2
Ponte Alta do Norte,1
Ponte Nova,39
Ponte Serrada,3
Pontes Gestal,1
Pontes e Lacerda,9
Ponto Belo,1
Ponto Novo,1
Ponto dos Volantes,2
Pontão,1
Populina,1
Porangaba,2
Porangatu,13
Porciúncula,8
Porecatu,9
Portalegre,2
Porteiras,1
Porteirinha,5
Portelândia,2
Porto Acre,1
Porto Alegre,1326
Porto Alegre do Norte,1
Porto Amazonas,2
Porto Belo,9
Porto Calvo,2
Porto Esperidião,2
Porto Estrela,1
Porto Feliz,22
Porto Ferreira,26
Porto Firme,2
Porto Franco,2
Porto Grande,1
Porto Lucena,1
Porto Murtinho,1
Porto Nacional,8
Porto Real,6
Porto Rico,1
Porto Seguro,53
Porto União,15
Porto Velho,106
Porto Xavier,5
Porto de Pedras,1
Porto dos Gaúchos,1
Portão,10
Posse,17
Potengi,2
Potim,2
Potiraguá,7
Potirendaba,9
Poté,3
Pouso Alegre,124
Pouso Alto,4
Pouso Novo,1
Pouso Redondo,3
Poxoréu,2
Poá,81
Poço Fundo,8
Poço Redondo,1
Poço Verde,4
Poços de Caldas,117
Poção,1
Poção de Pedras,1
Poções,2
Prado,5
Prados,3
Pradópolis,10
Praia Grande,297
Praia Norte,1
Pranchita,1
Prata,11
Pratápolis,1
Presidente Alves,2
Presidente Bernardes,6
Presidente Castello Branco,1
Presidente Dutra,15
Presidente Epitácio,22
Presidente Getúlio,7
Presidente Juscelino,1
Presidente Jânio Quadros,1
Presidente Kennedy,2
Presidente Kubitschek,2
Presidente Lucena,1
Presidente Médici,3
Presidente Nereu,1
Presidente Olegário,5
Presidente Prudente,158
Presidente Tancredo Neves,4
Presidente Venceslau,26
Primavera,9
Primavera do Leste,27
Primeiro de Maio,6
Princesa Isabel,1
Progresso,1
Promissão,31
Propriá,4
Protásio Alves,2
Prudente de Morais,3
Prudentópolis,7
Pugmil,1
Pureza,1
Putinga,2
Puxinanã,1
Pérola,2
Pérola d'Oeste,2
Quadra,3
Quaraí,4
Quatiguá,5
Quatis,5
Quatro Barras,18
Quatro Pontes,1
Quatá,13
Quedas do Iguaçu,7
Queimadas,9
Queimados,53
Queiroz,1
Queluz,2
Querência,10
Querência do Norte,1
Quevedos,2
Quijingue,2
Quilombo,4
Quinta do Sol,3
Quintana,4
Quipapá,1
Quirinópolis,14
Quissamã,13
Quitandinha,3
Quixabeira,3
Quixadá,13
Quixelô,2
Quixeramobim,6
Quixeré,3
Rafard,5
Rancharia,22
Rancho Alegre,2
Rancho Alegre D'Oeste,1
Rancho Queimado,2
Raposos,11
Raul Soares,11
Realeza,6
Rebouças,6
Recife,590
Recreio,3
Redentora,2
Redenção,17
Redenção da Serra,1
Redenção do Gurguéia,1
Regeneração,6
Regente Feijó,12
Reginópolis,3
Registro,46
Remanso,5
Remígio,1
Renascença,4
Reriutaba,3
Resende,119
Resende Costa,3
Reserva,3
Reserva do Cabaçal,2
Reserva do Iguaçu,1
Resplendor,11
Ressaquinha,1
Restinga Sêca,3
Retirolândia,1
Riachinho,2
Riacho da Cruz,1
Riacho das Almas,2
Riacho de Santana,4
Riacho de Santo Antônio,1
Riacho dos Machados,2
Riachuelo,1
Riachão das Neves,1
Riachão do Jacuípe,4
Rianápolis,4
Ribas do Rio Pardo,1
Ribeira,3
Ribeira do Amparo,1
Ribeira do Pombal,8
Ribeirão,4
Ribeirão Bonito,7
Ribeirão Branco,2
Ribeirão Cascalheira,1
Ribeirão Claro,5
Ribeirão Pires,107
Ribeirão Preto,507
Ribeirão Vermelho,2
Ribeirão das Neves,96
Ribeirão do Pinhal,5
Ribeirão do Sul,3
Ribeirãozinho,2
Ribeirópolis,1
Rifaina,2
Rincão,1
Rinópolis,3
Rio Acima,8
Rio Azul,5
Rio Bananal,4
Rio Bonito,27
Rio Bonito do Iguaçu,4
Rio Branco,70
Rio Branco do Sul,6
Rio Brilhante,12
Rio Casca,5
Rio Claro,155
Rio Doce,1
Rio Espera,1
Rio Formoso,2
Rio Fortuna,3
Rio Grande,122
Rio Grande da Serra,24
Rio Grande do Piauí,1
Rio Largo,6
Rio Manso,5
Rio Maria,1
Rio Negrinho,13
Rio Negro,16
Rio Novo,4
Rio Novo do Sul,6
Rio Paranaíba,9
Rio Pardo,6
Rio Pardo de Minas,5
Rio Piracicaba,4
Rio Pomba,6
Rio Preto,4
Rio Real,3
Rio Rufino,1
Rio Tinto,2
Rio Verde,66
Rio Vermelho,1
Rio das Antas,2
Rio das Flores,6
Rio das Ostras,135
Rio das Pedras,11
Rio de Contas,3
Rio de Janeiro,6620
Rio do Antônio,3
Rio do Campo,4
Rio do Oeste,3
Rio do Pires,4
Rio do Sul,33
Rio dos Cedros,1
Rio dos Índios,1
Riolândia,3
Riqueza,3
Ritápolis,3
Riversul,1
Roca Sales,2
Rodeio,7
Rodeio Bonito,2
Rodeiro,2
Rodelas,3
Rodolfo Fernandes,2
Rolante,10
Rolim de Moura,7
Rolândia,27
Romaria,2
Romelândia,1
Roncador,3
Ronda Alta,6
Rondon,2
Rondon do Pará,9
Rondonópolis,60
Roque Gonzales,4
Rosana,4
Roseira,5
Rosário,1
Rosário do Ivaí,1
Rosário do Sul,12
Rubelita,1
Rubiataba,7
Rubim,3
Rubinéia,1
Rubiácea,2
Russas,9
Ruy Barbosa,7
Sabará,41
Sabino,3
Sabinópolis,6
Saboeiro,1
Sabáudia,1
Sacramento,12
Sales,5
Sales Oliveira,6
Salesópolis,10
Salgado Filho,3
Salgueiro,16
Salinas,22
Salinas da Margarida,1
Salmourão,2
Saloá,3
Saltinho,4
Salto,93
Salto Grande,1
Salto Veloso,4
Salto da Divisa,2
Salto de Pirapora,13
Salto do Céu,3
Salto do Itararé,1
Salto do Jacuí,4
Salto do Lontra,4
Salvador,1209
Salvador do Sul,1
Sambaíba,1
Sananduva,6
Sanclerlândia,3
Sandolândia,1
Sangão,3
Sanharó,3
Sant'Ana do Livramento,20
Santa Adélia,16
Santa Albertina,7
Santa Amélia,1
Santa Branca,9
Santa Brígida,1
Santa Bárbara,23
Santa Bárbara d'Oeste,123
Santa Bárbara do Pará,1
Santa Bárbara do Sul,2
Santa Cecília,7
Santa Cecília do Pavão,1
Santa Clara d'Oeste,1
Santa Clara do Sul,2
Santa Cruz,6
Santa Cruz Cabrália,5
Santa Cruz da Conceição,3
Santa Cruz das Palmeiras,9
Santa Cruz de Goiás,2
Santa Cruz de Minas,4
Santa Cruz de Monte Castelo,4
Santa Cruz de Salinas,2
Santa Cruz do Capibaribe,13
Santa Cruz do Piauí,1
Santa Cruz do Rio Pardo,34
Santa Cruz do Sul,61
Santa Ernestina,2
Santa Filomena,1
Santa Fé,5
Santa Fé de Goiás,3
Santa Fé de Minas,1
Santa Fé do Sul,33
Santa Gertrudes,12
Santa Helena,13
Santa Helena de Goiás,9
Santa Helena de Minas,2
Santa Inês,15
Santa Isabel,28
Santa Isabel do Ivaí,3
Santa Izabel do Oeste,2
Santa Izabel do Pará,6
Santa Juliana,9
Santa Leopoldina,1
Santa Luzia,98
Santa Luzia do Norte,1
Santa Luzia do Paruá,1
Santa Lúcia,4
Santa Margarida,3
Santa Maria,191
Santa Maria Madalena,7
Santa Maria da Boa Vista,2
Santa Maria da Serra,2
Santa Maria da Vitória,13
Santa Maria de Itabira,4
Santa Maria de Jetibá,14
Santa Maria do Herval,1
Santa Maria do Pará,2
Santa Maria do Salto,1
Santa Maria do Suaçuí,2
Santa Mariana,4
Santa Mercedes,2
Santa Mônica,2
Santa Quitéria,5
Santa Quitéria do Maranhão,1
Santa Rita,7
Santa Rita d'Oeste,3
Santa Rita de Caldas,6
Santa Rita de Ibitipoca,2
Santa Rita de Jacutinga,1
Santa Rita de Minas,3
Santa Rita do Araguaia,7
Santa Rita do Itueto,1
Santa Rita do Passa Quatro,16
Santa Rita do Sapucaí,34
Santa Rosa,30
Santa Rosa de Lima,2
Santa Rosa de Viterbo,12
Santa Rosa do Sul,1
Santa Salete,1
Santa Teresa,11
Santa Teresinha,2
Santa Tereza do Oeste,3
Santa Terezinha,2
Santa Terezinha de Itaipu,3
Santa Vitória,18
Santa Vitória do Palmar,12
Santaluz,3
Santana,13
Santana da Boa Vista,2
Santana da Vargem,4
Santana de Parnaíba,177
Santana de Pirapama,1
Santana do Acaraú,4
Santana do Araguaia,3
Santana do Cariri,3
Santana do Deserto,1
Santana do Ipanema,1
Santana do Itararé,1
Santana do Jacaré,4
Santana do Manhuaçu,3
Santana do Mundaú,3
Santana do Paraíso,16
Santana do Seridó,2
Santana dos Montes,2
Santarém,43
Santiago,26
Santo Amaro,9
Santo Amaro da Imperatriz,12
Santo Amaro das Brotas,1
Santo Anastácio,14
Santo André,769
Santo Antônio,1
Santo Antônio da Alegria,3
Santo Antônio da Patrulha,17
Santo Antônio da Platina,11
Santo Antônio das Missões,4
Santo Antônio de Goiás,1
Santo Antônio de Jesus,28
Santo Antônio de Posse,19
Santo Antônio de Pádua,31
Santo Antônio do Amparo,4
Santo Antônio do Aracanguá,1
Santo Antônio do Aventureiro,1
Santo Antônio do Caiuá,1
Santo Antônio do Descoberto,5
Santo Antônio do Grama,2
Santo Antônio do Itambé,3
Santo Antônio do Jacinto,8
Santo Antônio do Jardim,5
Santo Antônio do Leste,1
Santo Antônio do Leverger,1
Santo Antônio do Monte,15
Santo Antônio do Palma,2
Santo Antônio do Pinhal,2
Santo Antônio do Planalto,1
Santo Antônio do Rio Abaixo,1
Santo Antônio do Sudoeste,3
Santo Antônio do Tauá,1
Santo Augusto,8
Santo Cristo,7
Santo Estêvão,5
Santo Expedito,1
Santo Expedito do Sul,1
Santo Hipólito,1
Santo Inácio,1
Santo Ângelo,43
Santos,692
Santos Dumont,22
Sapeaçu,2
Sapezal,8
Sapiranga,25
Sapopema,2
Sapucaia,12
Sapucaia do Sul,40
Sapucaí-Mirim,4
Sapé,2
Saquarema,41
Sarandi,24
Sarapuí,2
Sardoá,1
Sarutaiá,1
Sarzedo,18
Satuba,2
Satubinha,2
Saubara,1
Saudade do Iguaçu,4
Saudades,4
Saúde,2
Schroeder,9
Seabra,6
Seara,6
Sebastião Leal,1
Seberi,2
Segredo,1
Selbach,1
Senador Amaral,1
Senador Canedo,16
Senador Cortes,1
Senador Firmino,2
Senador Guiomard,2
Senador José Porfírio,1
Senador La Rocque,1
Senador Modestino Gonçalves,2
Senador Pompeu,4
Senador Salgado Filho,1
Sengés,5
Senhor do Bonfim,18
Senhora de Oliveira,2
Senhora dos Remédios,1
Sento Sé,1
Serafina Corrêa,9
Sericita,2
Seringueiras,2
Seropédica,32
Serra,278
Serra Azul,1
Serra Azul de Minas,2
Serra Branca,1
Serra Dourada,2
Serra Negra,14
Serra Talhada,10
Serra de São Bento,2
Serra do Ramalho,4
Serra do Salitre,1
Serra dos Aimorés,5
Serrana,13
Serrania,2
Serranópolis,3
Serranópolis de Minas,1
Serranópolis do Iguaçu,2
Serrinha,14
Serrita,2
Serro,3
Serrolândia,3
Sertanópolis,4
Sertânia,4
Sertão,3
Sertão Santana,1
Sertãozinho,61
Sete Barras,4
Sete Lagoas,123
Sete de Setembro,1
Setubinha,3
Severiano Melo,1
Severínia,5
Siderópolis,4
Sidrolândia,9
Silva Jardim,4
Silvanópolis,1
Silveira Martins,1
Silveiras,3
Silvianópolis,2
Silvânia,7
Simolândia,2
Simonésia,8
Simplício Mendes,1
Simão Dias,7
Simão Pereira,1
Simões Filho,21
Sinimbu,2
Sinop,44
Siqueira Campos,9
Sirinhaém,5
Sobradinho,9
Sobral,37
Sobrália,1
Socorro,18
Soledade,8
Soledade de Minas,5
Solonópole,2
Solânea,1
Sombrio,10
Sonora,2
Sooretama,5
Sorocaba,610
Sorriso,20
Sousa,7
Sucupira do Norte,2
Sud Mennucci,6
Sulina,1
Sumaré,177
Sumidouro,9
Sumé,3
Surubim,5
Suzano,222
Suzanápolis,1
Sátiro Dias,1
São Benedito,5
São Benedito do Rio Preto,1
São Benedito do Sul,1
São Bentinho,1
São Bento,5
São Bento Abade,1
São Bento do Sapucaí,7
São Bento do Sul,44
São Bento do Una,5
São Bernardino,1
São Bernardo,3
São Bernardo do Campo,908
São Bonifácio,1
São Borja,15
São Brás,1
São Brás do Suaçuí,2
São Caetano do Sul,267
São Carlos,231
São Carlos do Ivaí,1
São Cristóvão,7
São Cristóvão do Sul,1
São Desidério,1
São Domingos,7
São Domingos das Dores,2
São Domingos do Araguaia,1
São Domingos do Maranhão,2
São Domingos do Norte,7
São Domingos do Prata,4
São Domingos do Sul,1
São Felipe,2
São Fernando,1
São Fidélis,24
São Francisco,18
São Francisco de Assis,2
São Francisco de Itabapoana,14
São Francisco de Paula,7
São Francisco do Brejão,1
São Francisco do Conde,3
São Francisco do Glória,1
São Francisco do Guaporé,2
São Francisco do Sul,16
São Félix,1
São Félix de Minas,1
São Félix do Araguaia,1
São Félix do Coribe,1
São Félix do Xingu,8
São Gabriel,23
São Gabriel da Palha,14
São Gabriel do Oeste,7
São Geraldo,4
São Geraldo da Piedade,1
São Gonçalo,399
São Gonçalo do Abaeté,2
São Gonçalo do Amarante,13
São Gonçalo do Pará,3
São Gonçalo do Rio Abaixo,6
São Gonçalo do Rio Preto,3
São Gonçalo do Sapucaí,10
São Gotardo,20
São Jerônimo,7
São Joaquim,9
São Joaquim da Barra,31
São Joaquim de Bicas,8
São Joaquim do Monte,1
São Jorge,1
São Jorge D'Oeste,1
São Jorge d'Oeste,1
São Jorge do Ivaí,1
São Jorge do Patrocínio,2
São José,166
São José da Barra,6
São José da Bela Vista,3
São José da Boa Vista,1
São José da Coroa Grande,2
São José da Laje,2
São José da Lapa,8
São José da Tapera,1
São José da Vitória,2
São José de Mipibu,3
São José de Ribamar,14
São José de Ubá,3
São José do Barreiro,2
São José do Belmonte,2
São José do Calçado,6
São José do Campestre,1
São José do Cedro,4
São José do Cerrito,3
São José do Divino,2
São José do Egito,4
São José do Goiabal,2
São José do Hortêncio,2
São José do Inhacorá,1
São José do Norte,7
São José do Ouro,5
São José do Piauí,1
São José do Rio Claro,2
São José do Rio Pardo,42
São José do Rio Preto,330
São José do Seridó,1
São José do Vale do Rio Preto,12
São José do Xingu,1
São José dos Campos,666
São José dos Cordeiros,1
São José dos Pinhais,128
São José dos Quatro Marcos,2
São João,11
São João Batista,11
São João Batista do Glória,3
São João Evangelista,8
São João Nepomuceno,14
São João d'Aliança,3
São João da Barra,15
São João da Boa Vista,76
São João da Mata,2
São João da Paraúna,1
São João da Ponte,1
São João da Urtiga,1
São João das Missões,2
São João de Iracema,3
São João de Meriti,130
São João de Pirabas,2
São João del Rei,66
São João do Itaperiú,1
São João do Ivaí,2
São João do Manhuaçu,2
São João do Manteninha,3
São João do Oriente,2
São João do Paraíso,6
São João do Piauí,6
São João do Sabugi,1
São João do Sul,2
São João do Triunfo,3
São João dos Patos,7
São Leopoldo,101
São Lourenço,32
São Lourenço da Mata,12
São Lourenço da Serra,12
São Lourenço do Oeste,10
São Lourenço do Piauí,1
São Lourenço do Sul,14
São Ludgero,3
São Luiz Gonzaga,15
São Luiz do Norte,1
São Luiz do Paraitinga,3
São Luís,341
São Luís de Montes Belos,8
São Luís do Curu,2
São Luís do Quitunde,2
São Mamede,1
São Manuel,22
São Marcos,9
São Martinho,3
São Mateus,44
São Mateus do Maranhão,3
São Mateus do Sul,15
São Miguel,3
São Miguel Arcanjo,12
São Miguel das Matas,1
São Miguel do Aleixo,1
São Miguel do Anta,1
São Miguel do Araguaia,5
São Miguel do Gostoso,2
São Miguel do Guamá,5
São Miguel do Guaporé,3
São Miguel do Iguaçu,10
São Miguel do Oeste,40
São Miguel do Tapuio,3
São Miguel dos Campos,2
São Nicolau,1
São Patrício,1
São Paulo,14984
São Paulo das Missões,2
São Paulo do Potengi,2
São Pedro,12
São Pedro da Aldeia,44
São Pedro da União,3
São Pedro da Água Branca,1
São Pedro de Alcântara,2
São Pedro do Butiá,1
São Pedro do Iguaçu,1
São Pedro do Ivaí,3
São Pedro do Sul,1
São Pedro do Turvo,2
São Pedro dos Ferros,3
São Rafael,1
São Raimundo Nonato,7
São Romão,5
São Roque,77
São Roque de Minas,2
São Roque do Canaã,5
São Sebastião,60
São Sebastião da Amoreira,1
São Sebastião da Boa Vista,2
São Sebastião da Grama,4
São Sebastião do Alto,5
São Sebastião do Caí,12
São Sebastião do Maranhão,3
São Sebastião do Paraíso,35
São Sebastião do Passé,5
São Sebastião do Rio Verde,1
São Sepé,6
São Simão,13
São Tiago,5
São Tomás de Aquino,4
São Tomé,3
São Tomé das Letras,2
São Valentim,3
São Vendelino,2
São Vicente,163
São Vicente Ferrer,1
São Vicente Férrer,3
Sério,1
Sítio Novo,2
Sítio Novo do Tocantins,1
Sítio do Quinto,2
Tabaporã,2
Tabapuã,12
Tabatinga,5
Tabira,5
Tabocas do Brejo Velho,3
Taboão da Serra,285
Tabuleiro,2
Tabuleiro do Norte,1
Tacaratu,2
Taciba,2
Tacuru,1
Taguatinga,6
Taguaí,10
Taiaçu,1
Tailândia,4
Taiobeiras,13
Taió,14
Taiúva,5
Tamandaré,1
Tamarana,2
Tambaú,19
Tamboara,1
Tamboril,3
Tanabi,11
Tangará,1
Tangará da Serra,24
Tanguá,6
Tanhaçu,4
Tanque Novo,3
Tanque d'Arca,1
Taparuba,1
Tapejara,11
Tapera,1
Tapes,6
Tapiramutá,2
Tapiratiba,11
Tapiraí,2
Tapurah,1
Taquara,21
Taquarana,1
Taquaraçu de Minas,2
Taquari,11
Taquaritinga,35
Taquaritinga do Norte,6
Taquarituba,16
Taquarivaí,3
Taquaruçu do Sul,1
Tarabai,5
Tarumirim,4
Tarumã,9
Tatuí,73
Taubaté,266
Tauá,10
Tavares,1
Teixeira,1
Teixeira Soares,2
Teixeira de Freitas,28
Teixeiras,7
Tejupá,2
Telha,1
Telêmaco Borba,33
Tenente Ananias,1
Tenente Portela,3
Teodoro Sampaio,13
Teofilândia,3
Teolândia,4
Teotônio Vilela,8
Terenos,1
Teresina,271
Teresina de Goiás,1
Teresópolis,115
Terezinha,1
Terra Boa,4
Terra Nova,1
Terra Nova do Norte,3
Terra Rica,8
Terra Roxa,7
Terra de Areia,5
Teutônia,12
Teófilo Otoni,73
Tianguá,9
Tibagi,4
Tibau do Sul,1
Tietê,37
Tijucas,27
Timbaúba,7
Timburi,4
Timbé do Sul,3
Timbó,17
Timon,15
Timóteo,51
Tiradentes,4
Tiradentes do Sul,1
Tiros,3
Tobias Barreto,2
Tocantins,6
Tocantinópolis,7
Tocos do Moji,1
Toledo,72
Tomar do Geru,2
Tomazina,3
Tombos,5
Tomé-Açu,6
Toritama,5
Toropi,3
Torres,16
Torrinha,5
Trabiju,1
Tracuateua,1
Tracunhaém,2
Traipu,1
Trairi,2
Trajano de Moraes,8
Tramandaí,25
Travesseiro,1
Tremembé,36
Treviso,1
Treze Tílias,11
Trindade,28
Trindade do Sul,3
Triunfo,14
Trombas,1
Trombudo Central,5
Três Arroios,3
Três Barras,5
Três Cachoeiras,6
Três Corações,42
Três Coroas,6
Três Forquilhas,1
Três Fronteiras,5
Três Lagoas,41
Três Marias,13
Três Passos,12
Três Pontas,20
Três Rios,39
Três de Maio,12
Tubarão,55
Tucano,9
Tucumã,4
Tucunduva,3
Tucuruí,20
Tuiuti,1
Tumiritinga,1
Tunas do Paraná,2
Tunápolis,1
Tupaciguara,13
Tupanciretã,3
Tupandi,3
Tuparendi,2
Tuparetama,3
Tupi Paulista,6
Tupã,53
Tupãssi,1
Turmalina,10
Tururu,1
Turvelândia,1
Turvo,6
Turvolândia,2
Turvânia,2
Tutóia,2
Uauá,4
Ubaitaba,4
Ubajara,3
Ubaporanga,3
Ubatuba,72
Ubatã,2
Ubaí,1
Ubaíra,6
Uberaba,182
Uberlândia,368
Ubirajara,1
Ubiratã,7
Ubá,51
Uchoa,3
Uibaí,4
Uiraúna,1
Ulianópolis,1
Umbaúba,3
Umburanas,1
Umburatiba,1
Umuarama,41
Una,5
Unaí,53
Unistalda,1
União,1
União da Serra,1
União da Vitória,27
União de Minas,3
União do Oeste,1
União do Sul,1
União dos Palmares,2
Upanema,3
Urandi,2
Uraí,3
Urbano Santos,4
Uruana,4
Uruana de Minas,1
Uruará,6
Uruaçu,16
Urubici,3
Uruburetama,1
Urucuia,1
Urucurituba,2
Urucânia,1
Uruguaiana,48
Uruoca,2
Urupá,3
Urupês,10
Urussanga,10
Urutaí,3
Uruçuca,2
Uruçuí,4
Urânia,3
Utinga,5
Vacaria,22
Vale Real,3
Vale do Sol,1
Valente,6
Valentim Gentil,3
Valença,66
Valença do Piauí,4
Valinhos,178
Valparaíso,8
Valparaíso de Goiás,36
Vanini,1
Vargem,2
Vargem Alegre,3
Vargem Alta,7
Vargem Bonita,5
Vargem Grande,1
Vargem Grande Paulista,43
Vargem Grande do Rio Pardo,1
Vargem Grande do Sul,14
Vargeão,1
Varginha,84
Varjota,4
Varjão de Minas,2
Varre-Sai,4
Varzedo,1
Varzelândia,3
Vassouras,35
Vazante,5
Venda Nova do Imigrante,15
Ventania,3
Venturosa,2
Venâncio Aires,24
Vera,3
Vera Cruz,21
Vera Cruz do Oeste,3
Veranópolis,18
Vereda,2
Vermelho Novo,1
Vertentes,1
Verê,3
Veríssimo,3
Vespasiano,44
Vespasiano Corrêa,1
Viamão,73
Viana,26
Vianópolis,3
Vicente Dutra,1
Vicentina,1
Vicentinópolis,2
Victor Graeff,2
Vicência,2
Videira,47
Vieiras,1
Vigia,3
Vila Bela da Santíssima Trindade,1
Vila Flor,1
Vila Flores,3
Vila Lângaro,3
Vila Nova do Sul,1
Vila Rica,3
Vila Valério,7
Vila Velha,325
Vilhena,18
Vinhedo,94
Viradouro,18
Virgem da Lapa,3
Virginópolis,7
Virgolândia,2
Virgínia,1
Visconde do Rio Branco,17
Viseu,1
Vista Alegre,1
Vista Alegre do Alto,3
Vitorino,2
Vitorino Freire,3
Vitória,367
Vitória da Conquista,91
Vitória das Missões,1
Vitória de Santo Antão,15
Vitória do Jari,1
Vitória do Mearim,2
Viçosa,89
Viçosa do Ceará,1
Volta Grande,4
Volta Redonda,226
Votorantim,84
Votuporanga,61
Várzea,1
Várzea Alegre,2
Várzea Grande,41
Várzea Nova,1
Várzea Paulista,75
Várzea da Palma,11
Várzea do Poço,1
Wagner,1
Wanderley,2
Wenceslau Braz,2
Wenceslau Guimarães,2
Witmarsum,3
Xambioá,3
Xambrê,1
Xangri-Lá,1
Xangri-lá,7
Xanxerê,28
Xapuri,2
Xavantina,2
Xaxim,9
Xexéu,1
Xinguara,9
Xique-Xique,3
Zacarias,2
Zortéa,2
Zé Doca,5
Água Boa,16
Água Branca,5
Água Clara,2
Água Comprida,2
Água Doce,1
Água Doce do Norte,6
Água Fria de Goiás,1
Água Limpa,1
Água Nova,1
Água Preta,1
Água Santa,2
Águas Belas,6
Águas Formosas,5
Águas Frias,1
Águas Lindas de Goiás,23
Águas Mornas,1
Águas Vermelhas,3
Águas da Prata,10
Águas de Lindóia,23
Águas de Santa Bárbara,3
Águas de São Pedro,3
Águia Branca,2
Álvares Florence,2
Álvares Machado,8
Álvaro de Carvalho,2
Áurea,2
Ângulo,3
Érico Cardoso,1
Óleo,1
